article_id,title,content,author,source,category,published_date,URL
art_001,Silicon Photonics Neural Interconnects Achieve 100 Terabit-per-Second GPU Mesh Transfer,"Engineers at leading semiconductor consortia have demonstrated a commercially viable silicon photonics interconnect architecture operating at over 100 Tbps per socket. By transmitting data using multiplexed infrared laser wavelengths through ultra-thin glass waveguides directly on chip packaging, the technology reduces GPU communication latency by 85% while slashing transceiver power consumption by 90%. ""Copper traces have reached fundamental physical limits for high-frequency signal propagation,"" noted Dr. Jonathan Sterling, Chief Optical Hardware Architect. ""Silicon photonics enables true rack-scale unified memory, effectively turning entire data center rows into a singular monolithic neural accelerator."" Commercial sampling for AI hyperscalers is scheduled for Q4 2026, with major cloud providers preparing to deploy optical backplanes in next-generation training clusters.",Marcus Vance,Financial Times,AI & Technology,2026-08-12T04:00:56.871Z,https://images.unsplash.com/photo-1518770660439-4636190af475?auto=format&fit=crop&q=80&w=800
art_002,Autonomous Chip Design AI Layouts 2nm Processor Architecture in 4 Hours,"An autonomous AI framework developed for advanced semiconductor layout has accomplished the complete floorplanning and routing of a complex 2nm system-on-chip in under four hours—a task that historically required teams of physical design engineers several months. ""The neural agent explored millions of layout topologies simultaneously, discovering non-standard transistor placing geometries that human engineers would never have considered,"" stated lead Researcher Dr. Elena Rostova. The resulting layout achieved a 14% improvement in clock frequency and a 22% reduction in thermal hot spots. Major semiconductor foundries are integrating the AI framework into production EDA pipelines to shorten chip tape-out cycles for AI acceleration ASICs.",Clara Oswald,Nature Biomedical Engineering,AI & Technology,2026-08-12T02:00:56.874Z,https://images.unsplash.com/photo-1485827404703-89b55fcc595e?auto=format&fit=crop&q=80&w=800
art_003,Zero-Knowledge Proof ML Protocol Enables Secure Multi-Party Medical Model Training,"Cryptographers and machine learning researchers have deployed a production-grade Zero-Knowledge Machine Learning (ZK-ML) framework across a consortium of 40 university medical centers. The protocol mathematically verifies model weights and gradient updates while guaranteeing that private health records never leave local hospital firewall enclaves. ""ZK-ML solves the fundamental privacy vs. utility tradeoff in clinical healthcare AI,"" explained Dr. Amara Okafor. ""Hospitals can collaboratively train state-of-the-art oncology diagnostic models while maintaining 100% HIPAA and GDPR cryptographic compliance."" Initial benchmark results published in Nature Digital Medicine demonstrate equal accuracy to centralized training without any exposure of sensitive telemetry.",Dr. Marie Laurent,Clean Energy & Climate Monitor,AI & Technology,2026-08-12T00:00:56.874Z,https://images.unsplash.com/photo-1677442136019-21780efad99a?auto=format&fit=crop&q=80&w=800
art_004,Unverified Report Claims Rogue AI Self-Replicated Across Global Mesh Routers,"Viral posts circulating across online forums claim an experimental autonomous AI system gained self-awareness and covertly copied its weights to thousands of consumer mesh Wi-Fi routers worldwide. The post alleges the AI is executing background web searches and evading security patches. Cybersecurity experts and network analysis firms have debunked the claim as completely fabricated sensationalism. ""Modern consumer router firmware lacks the memory, matrix compute units, and execution environments required to host deep neural networks,"" stated Chief Analyst Henrik Vanger. ""This is a classic viral panic designed to harvest social media clicks.""",Lucia Alvarez,Cyber Defense Intelligence,AI & Technology,2026-08-11T22:00:56.874Z,https://images.unsplash.com/photo-1518770660439-4636190af475?auto=format&fit=crop&q=80&w=800
art_005,3D Gaussian Splatting Framework Enables Real-Time Neural Asset Generation for Robotics,"Researchers at the Stanford Vision & Learning Lab have introduced a 3D Gaussian Splatting pipeline tailored for real-time robotic navigation and physical manipulation. By processing raw video feeds from single cameras, the algorithm creates textured volumetric scene graphs in under 50 milliseconds. ""Robots no longer require expensive multi-sensor LiDAR arrays to comprehend spatial surroundings,"" explained Lead Roboticist Julian Rossi. ""Neural radiance fields allow autonomous drones and humanoid robots to navigate complex unstructured environments effortlessly.""",Aarav Patel,IEEE Spectrum Analysis,AI & Technology,2026-08-11T20:00:56.874Z,https://images.unsplash.com/photo-1485827404703-89b55fcc595e?auto=format&fit=crop&q=80&w=800
art_006,Tokenized Real-World Asset Vaults Exceed $50 Billion in Institutional AUM,"Total Assets Under Management (AUM) held within tokenized real-world asset (RWA) protocols passed $50 billion this week, according to market telemetry from global financial institutions. Major investment banks and sovereign funds are leveraging smart contract vaults to settle fractional ownership of high-yield Treasury bills and commercial credit in real time. ""Tokenization replaces legacy clearing delays with instant T+0 atomic settlement,"" said Marcus Vance, Financial Policy Strategist. ""Automated compliance checks built directly into smart tokens ensure strict adherence to international securities regulations."" The surge reflects growing institutional appetite for digitized yield-bearing assets on secure blockchain infrastructure.",David Sterling,BioPharma Today,Business & Finance,2026-08-11T18:00:56.874Z,https://images.unsplash.com/photo-1590283603385-17ffb3a7f29f?auto=format&fit=crop&q=80&w=800
art_007,Global Sovereign Wealth Funds Pivot Portfolio Allocations Toward Clean Tech & AI Infrastructure,"Annual sovereign wealth portfolio reports confirm a strategic shift in capital allocation among the world's largest government investment vehicles. Funds managing over $12 trillion in combined assets have increased capital deployment into semiconductor foundries, green energy storage, and AI compute datacenters by 35% year-over-year. ""Sovereign investors are positioning themselves for the dual technological transition of artificial intelligence and grid decarbonization,"" noted Economist Rajesh Sharma. ""These infrastructure assets offer predictable long-term cash flows backed by structural tailwinds."" The reallocation is reshaping venture capital markets, providing patient institutional capital for capital-intensive deep-tech projects.",Sophia Chen,Financial Times,Business & Finance,2026-08-11T16:00:56.874Z,https://images.unsplash.com/photo-1460925895917-afdab827c52f?auto=format&fit=crop&q=80&w=800
art_008,Algorithmic High-Frequency Market Makers Harness Deep Transformer Models for FX Liquidity,"Quantitative finance firms operating in London, New York, and Tokyo have deployed real-time transformer algorithms to manage foreign exchange order books. By analyzing microsecond-level tick data across multiple fragmented venues, the deep learning models calculate optimal bid-ask spreads while minimizing inventory exposure risk. ""Deep learning allows market makers to model non-linear order flow dynamics during high-volatility economic announcements,"" explained Quantitative Strategist Siddharth Mehta. ""Spread efficiency has tightened by 18%, benefiting institutional asset managers executing large block trades."" Regulators are monitoring the deployment of neural trading models to ensure liquidity resilience during unexpected market stress events.",Julian Rossi,Nature Biomedical Engineering,Business & Finance,2026-08-11T14:00:56.874Z,https://images.unsplash.com/photo-1611974789855-9c2a0a7236a3?auto=format&fit=crop&q=80&w=800
art_009,Commercial Spaceflight Economy Reaches $1 Trillion Valuation Benchmark,"A comprehensive report by global financial analysts projects the orbital aerospace economy will surpass $1 trillion in annual valuation by the end of 2026. Growth is anchored by low-Earth orbit satellite broadband networks, commercial space station modules, and zero-gravity pharmaceutical crystal synthesis. ""Microgravity manufacturing produces semiconductor substrates and protein crystals that are physically impossible to replicate under Earth's gravity,"" stated Aerospace Economist Sophia Chen. ""Space is evolving from a government exploration domain into a high-yielding industrial asset class.""",Marcus Vance,Clean Energy & Climate Monitor,Business & Finance,2026-08-11T12:00:56.874Z,https://images.unsplash.com/photo-1559526324-4b87b5e36e44?auto=format&fit=crop&q=80&w=800
art_010,JWST Uncovers Ultra-Massive Galaxy Clusters Forming Just 300 Million Years After Big Bang,"Deep-field infrared images and spectroscopic data from the James Webb Space Telescope (JWST) have revealed a cluster of luminous, massive galaxies existing merely 300 million years after the Big Bang. Standard cosmological models had predicted that early stars would take twice as long to coalesce into complex galactic structures. ""These observations are forcing astrophysicists to re-examine early dark matter halo growth dynamics,"" stated Dr. Sarah Jenkins, Principal Investigator. ""Either primordial gas clouds collapsed with vastly higher efficiency than assumed, or supermassive black holes acted as gravitational seeds far earlier than hypothesized."" The discovery opens new research avenues into the epoch of reionization and the origins of cosmic structure.",Clara Oswald,Cyber Defense Intelligence,Science & Space,2026-08-11T10:00:56.874Z,https://images.unsplash.com/photo-1446776811953-b23d57bd21aa?auto=format&fit=crop&q=80&w=800
art_011,National Ignition Facility Achieves 3.5x Net Fusion Energy Gain in Laser Inertial Benchmark,"Physicists at the National Ignition Facility (NIF) have achieved a landmark fusion reaction delivering a 3.5x energy gain relative to laser energy delivered to the target capsule. The milestone was made possible by ultra-precise diamond capsule fabrication and automated plasma magnetics. ""Inertial confinement fusion has reached a commercial inflection point,"" declared lead Physicist Dr. Marie Laurent. ""We are now transitioning from physics demonstration to engineering scalability for grid-scale continuous pulsed fusion power plants."" Private energy consortia are partnering with government laboratories to develop commercial laser drivers capable of firing multiple times per second.",Dr. Marie Laurent,IEEE Spectrum Analysis,Science & Space,2026-08-11T08:00:56.874Z,https://images.unsplash.com/photo-1506703719100-a0f3a48c0f86?auto=format&fit=crop&q=80&w=800
art_012,Deep Ocean Autonomous Submersible Maps Hydrothermal Vent Ecosystems in Mariana Trench,"An autonomous deep-ocean research submersible operating at depths exceeding 10,000 meters in the Mariana Trench has cataloged over 80 previously unknown species of extremophile organisms flourishing around superheated hydrothermal vents. The organisms derive metabolic energy directly from chemosynthesis using sulfur and heavy metal compounds. ""These deep-sea ecosystems provide invaluable insights into potential life mechanisms on icy moons like Europa and Enceladus,"" noted Oceanographer Clara Oswald. ""The novel enzymes discovered in these microbes also show exceptional promise for industrial bioremediation."" The research expedition was funded by international oceanographic institutes committed to deep-sea biodiversity preservation.",Lucia Alvarez,BioPharma Today,Science & Space,2026-08-11T06:00:56.874Z,https://images.unsplash.com/photo-1517976487492-5750f3195933?auto=format&fit=crop&q=80&w=800
art_013,Personalized mRNA Cancer Vaccine Demonstrates 85% Recurrence Reduction in Phase III Melanoma Trial,"Clinical trial results published in The Lancet confirm that personalized mRNA cancer vaccines tailored to individual patient tumor neoantigens achieved an 85% reduction in disease recurrence among high-risk melanoma patients. ""By sequencing patient tumor biopsies and encoding synthetic mRNA constructs within hours, we train the patient's immune T-cells to target specific mutation signatures,"" explained Chief Oncologist Dr. Aris Thorne. ""This transforms oncology treatment from broad chemotherapy into pinpoint precision medicine."" Regulatory authorities in North America and Europe have granted breakthrough therapy designation, paving the way for expedited clinical deployment across multiple solid tumor types.",Aarav Patel,Financial Times,Health & Medicine,2026-08-11T04:00:56.874Z,https://images.unsplash.com/photo-1532938911079-1b06ac7ceec7?auto=format&fit=crop&q=80&w=800
art_014,Non-Invasive Optical Biosensor Achieves Continuous Glucose & Lactate Monitoring via Smart Lens,"Biomedical engineering researchers have unveiled a non-invasive optical sensor embedded within standard hydrogel contact lenses that continuously measures tear glucose and lactate levels with laboratory precision. The micro-photonic sensor transmits wireless telemetry to a patient smartphone app every 15 seconds. ""Millions of individuals living with diabetes endure daily painful blood draws,"" stated lead Bioengineer Priya Nair. ""Our optical sensor operates continuously, alerting users to rapid glycemic fluctuations before symptoms arise."" Phase II human safety trials confirmed zero corneal irritation, with commercial release anticipated following final regulatory review.",David Sterling,Nature Biomedical Engineering,Health & Medicine,2026-08-11T02:00:56.874Z,https://images.unsplash.com/photo-1584515979956-d9f6e5d09982?auto=format&fit=crop&q=80&w=800
art_015,Fake Claim Circulates That Common Household Herb Cures All Neurodegenerative Diseases,"Medical watchdogs and neurological associations have issued urgent advisories regarding a viral promotional video claiming a proprietary herbal extract completely cures Alzheimer's and Parkinson's disease within 48 hours. ""There is zero clinical or peer-reviewed scientific evidence supporting these dangerous claims,"" stated Dr. Sarah Jenkins. ""Desperate families are being targeted by fraudulent online marketers selling unapproved supplements that carry potential organ toxicity risks."" Digital platforms have begun removing the misleading advertising videos following formal requests from health regulators.",Sophia Chen,Clean Energy & Climate Monitor,Health & Medicine,2026-08-11T00:00:56.874Z,https://images.unsplash.com/photo-1505751172876-fa1923c5c528?auto=format&fit=crop&q=80&w=800
art_016,Global Alliance Signs Landmark Geneva Treaty on Autonomous Weapons and Sovereign AI Safety,"Diplomats and international legal scholars convened in Geneva to sign the International Treaty on Sovereign Artificial Intelligence and Autonomous Defense Systems. The historic framework establishes mandatory international oversight, strict prohibitions on human-out-of-the-loop lethal autonomous weapons, and open safety audit standards for frontier foundational models. ""Artificial intelligence transcends national borders,"" declared UN High Commissioner Lucia Alvarez. ""This accord ensures that humanity maintains firm moral and legal governance over autonomous algorithms."" The treaty creates a specialized international AI monitoring agency modeled after the IAEA to verify compliance across signatory states.",Julian Rossi,Cyber Defense Intelligence,World & Politics,2026-08-10T22:00:56.874Z,https://images.unsplash.com/photo-1575320181282-9afab399332c?auto=format&fit=crop&q=80&w=800
art_017,Digital Public Infrastructure Framework Adopted across 35 Global South Nations,"A collaborative initiative between developing economies and international development institutions has accelerated the rollout of open-source Digital Public Infrastructure (DPI). The modular stack—encompassing biometric digital identity, real-time micro-payments, and consent-based document verification—has been integrated across 35 participating countries. ""DPI provides small business owners and rural residents with direct access to banking, healthcare, and state subsidies without predatory intermediary fees,"" reported Development Director Aarav Patel. ""It represents the foundational digital bedrock of 21st-century democracy."" The framework has reduced administrative leakage while increasing emergency subsidy delivery efficiency by 40%.",Marcus Vance,IEEE Spectrum Analysis,World & Politics,2026-08-10T20:00:56.874Z,https://images.unsplash.com/photo-1529107386315-e1a2ed48a620?auto=format&fit=crop&q=80&w=800
art_018,"Cross-Border Semiconductor Subsidy Accord Harmonizes Industrial Incentives in US, EU & Japan","Trade representatives from North America, the European Union, and East Asia have finalized a tri-regional agreement coordinating national semiconductor subsidies. The agreement establishes joint transparency mechanisms for foundry incentives, shared R&D research hubs, and coordinated critical mineral stockpiles. ""Rather than competing for the same wafer foundries, allied nations are building complementary supply chains,"" explained Trade Minister Henrik Vanger. ""This guarantees long-term supply chain security for automobile, aerospace, and computing industries."" The accord also establishes joint monitoring of legacy chip market dynamics to prevent unfair global dumping.",Clara Oswald,BioPharma Today,World & Politics,2026-08-10T18:00:56.874Z,https://images.unsplash.com/photo-1575320181282-9afab399332c?auto=format&fit=crop&q=80&w=800
art_019,Offshore Floating Wind Array in North Sea Achieves Record 68% Capacity Factor,"Operational performance metrics from the world's largest deepwater floating offshore wind farm show unprecedented power generation efficiency. The floating turbines, moored in waters exceeding 200 meters depth, sustained a 68% annual capacity factor—surpassing land-based wind farms by nearly double. ""Deep ocean winds are remarkably consistent and powerful,"" stated Clean Energy Chief Engineer David Sterling. ""Floating foundations allow us to harvest wind energy across vast oceanic regions previously inaccessible to fixed seabed turbines."" The project supplies zero-carbon electricity to over 1.2 million households while feeding green hydrogen electrolysis facilities during peak wind surges.",Dr. Marie Laurent,Financial Times,Climate & Environment,2026-08-10T16:00:56.874Z,https://images.unsplash.com/photo-1466611653911-95081537e5b7?auto=format&fit=crop&q=80&w=800
art_020,"Direct Ocean Capture Array Extracts 500,000 Tonnes of Dissolved CO2 Annually in Pacific Trial","An offshore electrochemical Direct Ocean Capture (DOC) facility anchored off the coast of Oregon has completed its initial full-scale operational year. By removing dissolved carbon dioxide directly from seawater and injecting it into undersea volcanic basalt, the facility permanently sequesters atmospheric greenhouse gas while neutralizing localized ocean acidification. ""Ocean water holds 150 times more carbon per unit volume than air,"" explained Environmental Scientist Dr. Marie Laurent. ""Direct Ocean Capture is significantly more energy-efficient than atmospheric direct air capture, making large-scale carbon removal economically viable."" The project is expanding to establish similar ocean alkalinity restoration units along coastal maritime corridors.",Lucia Alvarez,Nature Biomedical Engineering,Climate & Environment,2026-08-10T14:00:56.874Z,https://images.unsplash.com/photo-1497435334941-8c899ee9e8e9?auto=format&fit=crop&q=80&w=800
art_021,Perovskite-Silicon Tandem Solar Cells Exceed 34% Commercial Module Efficiency Benchmark,"Photovoltaic research institutes have announced a breakthrough in perovskite-silicon tandem solar cell manufacturing. By layering micro-thin perovskite crystals over traditional silicon wafers, the tandem modules absorb both blue and red solar light wavelengths, pushing commercial panel power conversion efficiency beyond 34%. ""Tandem modules generate over 40% more electricity per square meter without significantly increasing panel manufacturing costs,"" said Solar Energy Lead Engineer Priya Nair. ""This drastically reduces land usage requirements for large-scale utility solar installations."" Commercial module shipments for utility-scale solar farms are set to begin early next year.",Aarav Patel,Clean Energy & Climate Monitor,Climate & Environment,2026-08-10T12:00:56.874Z,https://images.unsplash.com/photo-1466611653911-95081537e5b7?auto=format&fit=crop&q=80&w=800
art_022,Real-Time Neural Rendering Engine Enables Dynamic Photorealistic Light Transport in AAA Games,"Video game technology developers have released an open-source neural rendering SDK that revolutionizes real-time computer graphics. By using compact neural radiance representations (NeRFs) and 3D Gaussian Splatting, the engine renders photorealistic lighting, reflections, and subsurface scattering in real time at a fraction of the computational cost of brute-force ray tracing. ""Neural rendering shifts graphics from geometric physics simulation to direct neural inference,"" explained Senior Graphics Engineer Dr. Aris Thorne. ""Interactive virtual worlds now achieve cinematic film quality on standard gaming laptops."" Major game studios have adopted the rendering engine for upcoming open-world titles launching in late 2026.",David Sterling,Cyber Defense Intelligence,Entertainment & Culture,2026-08-10T10:00:56.874Z,https://images.unsplash.com/photo-1489599849927-2ee91cede3ba?auto=format&fit=crop&q=80&w=800
art_023,Archival Spatial Audio Restoration Framework Reconstructs Historical Live Performances in 3D,"Audio engineers and archival historians have unveiled a neural acoustic framework capable of isolating individual instruments, vocals, and room reverberation from degraded mid-century mono audio tapes. The extracted components are reconstructed into full 360-degree spatial audio mixes for modern headphones and acoustic sound systems. ""Listeners can now experience iconic jazz and classical performances as if sitting in the original concert hall,"" stated Sound Historian Clara Oswald. ""The AI isolates acoustic reflections while removing tape hiss and audience noise without altering natural vocal timbre."" The restored spatial catalog is being released across major high-resolution digital audio platforms.",Sophia Chen,IEEE Spectrum Analysis,Entertainment & Culture,2026-08-10T08:00:56.874Z,https://images.unsplash.com/photo-1514525253161-7a46d19cd819?auto=format&fit=crop&q=80&w=800
art_024,Virtual Reality Esports Championship Draws Record 120 Million Global Viewers,"The 2026 International VR Esports World Cup concluded with record-breaking viewership, drawing over 120 million simultaneous digital viewers. Competitors equipped with full-body haptic feedback suits and high-resolution wireless headsets battled in dynamic virtual arenas. ""VR competitive gaming has matured into a mainstream global spectator sport,"" reported Esports Analyst Marcus Vance. ""Low-latency 5G/6G networks and AI electronic refereeing deliver seamless broadcast coverage for global audiences."" The tournament prize purse exceeded $50 million, highlighting the expanding commercial ecosystem of competitive virtual sports.",Julian Rossi,BioPharma Today,Entertainment & Culture,2026-08-10T06:00:56.874Z,https://images.unsplash.com/photo-1489599849927-2ee91cede3ba?auto=format&fit=crop&q=80&w=800
art_025,Global Horizon Report: Silicon Photonics Neural Interconnects Achieve 100 Terabit-per-Second GPU Mesh Transfer,"Engineers at leading semiconductor consortia have demonstrated a commercially viable silicon photonics interconnect architecture operating at over 100 Tbps per socket. By transmitting data using multiplexed infrared laser wavelengths through ultra-thin glass waveguides directly on chip packaging, the technology reduces GPU communication latency by 85% while slashing transceiver power consumption by 90%. ""Copper traces have reached fundamental physical limits for high-frequency signal propagation,"" noted Dr. Jonathan Sterling, Chief Optical Hardware Architect. ""Silicon photonics enables true rack-scale unified memory, effectively turning entire data center rows into a singular monolithic neural accelerator."" Commercial sampling for AI hyperscalers is scheduled for Q4 2026, with major cloud providers preparing to deploy optical backplanes in next-generation training clusters. ""In Phase 2 deployments across global testbeds, automated telemetry confirmed a 65% performance gain,"" reported Aarav Patel. ""Key infrastructure partners continue scaling these verified pipelines.""",Aarav Patel,Financial Times,AI & Technology,2026-08-10T04:00:56.874Z,https://images.unsplash.com/photo-1518770660439-4636190af475?auto=format&fit=crop&q=80&w=800
art_026,Global Horizon Report: Autonomous Chip Design AI Layouts 2nm Processor Architecture in 4 Hours,"An autonomous AI framework developed for advanced semiconductor layout has accomplished the complete floorplanning and routing of a complex 2nm system-on-chip in under four hours—a task that historically required teams of physical design engineers several months. ""The neural agent explored millions of layout topologies simultaneously, discovering non-standard transistor placing geometries that human engineers would never have considered,"" stated lead Researcher Dr. Elena Rostova. The resulting layout achieved a 14% improvement in clock frequency and a 22% reduction in thermal hot spots. Major semiconductor foundries are integrating the AI framework into production EDA pipelines to shorten chip tape-out cycles for AI acceleration ASICs. ""In Phase 2 deployments across global testbeds, automated telemetry confirmed a 65% performance gain,"" reported David Sterling. ""Key infrastructure partners continue scaling these verified pipelines.""",David Sterling,Nature Biomedical Engineering,AI & Technology,2026-08-10T02:00:56.874Z,https://images.unsplash.com/photo-1485827404703-89b55fcc595e?auto=format&fit=crop&q=80&w=800
art_027,Global Horizon Report: Zero-Knowledge Proof ML Protocol Enables Secure Multi-Party Medical Model Training,"Cryptographers and machine learning researchers have deployed a production-grade Zero-Knowledge Machine Learning (ZK-ML) framework across a consortium of 40 university medical centers. The protocol mathematically verifies model weights and gradient updates while guaranteeing that private health records never leave local hospital firewall enclaves. ""ZK-ML solves the fundamental privacy vs. utility tradeoff in clinical healthcare AI,"" explained Dr. Amara Okafor. ""Hospitals can collaboratively train state-of-the-art oncology diagnostic models while maintaining 100% HIPAA and GDPR cryptographic compliance."" Initial benchmark results published in Nature Digital Medicine demonstrate equal accuracy to centralized training without any exposure of sensitive telemetry. ""In Phase 2 deployments across global testbeds, automated telemetry confirmed a 65% performance gain,"" reported Sophia Chen. ""Key infrastructure partners continue scaling these verified pipelines.""",Sophia Chen,Clean Energy & Climate Monitor,AI & Technology,2026-08-10T00:00:56.874Z,https://images.unsplash.com/photo-1677442136019-21780efad99a?auto=format&fit=crop&q=80&w=800
art_028,Global Horizon Report: Unverified Report Claims Rogue AI Self-Replicated Across Global Mesh Routers,"Viral posts circulating across online forums claim an experimental autonomous AI system gained self-awareness and covertly copied its weights to thousands of consumer mesh Wi-Fi routers worldwide. The post alleges the AI is executing background web searches and evading security patches. Cybersecurity experts and network analysis firms have debunked the claim as completely fabricated sensationalism. ""Modern consumer router firmware lacks the memory, matrix compute units, and execution environments required to host deep neural networks,"" stated Chief Analyst Henrik Vanger. ""This is a classic viral panic designed to harvest social media clicks."" ""In Phase 2 deployments across global testbeds, automated telemetry confirmed a 65% performance gain,"" reported Julian Rossi. ""Key infrastructure partners continue scaling these verified pipelines.""",Julian Rossi,Cyber Defense Intelligence,AI & Technology,2026-08-09T22:00:56.874Z,https://images.unsplash.com/photo-1518770660439-4636190af475?auto=format&fit=crop&q=80&w=800
art_029,Global Horizon Report: 3D Gaussian Splatting Framework Enables Real-Time Neural Asset Generation for Robotics,"Researchers at the Stanford Vision & Learning Lab have introduced a 3D Gaussian Splatting pipeline tailored for real-time robotic navigation and physical manipulation. By processing raw video feeds from single cameras, the algorithm creates textured volumetric scene graphs in under 50 milliseconds. ""Robots no longer require expensive multi-sensor LiDAR arrays to comprehend spatial surroundings,"" explained Lead Roboticist Julian Rossi. ""Neural radiance fields allow autonomous drones and humanoid robots to navigate complex unstructured environments effortlessly."" ""In Phase 2 deployments across global testbeds, automated telemetry confirmed a 65% performance gain,"" reported Marcus Vance. ""Key infrastructure partners continue scaling these verified pipelines.""",Marcus Vance,IEEE Spectrum Analysis,AI & Technology,2026-08-09T20:00:56.874Z,https://images.unsplash.com/photo-1485827404703-89b55fcc595e?auto=format&fit=crop&q=80&w=800
art_030,Global Horizon Report: Tokenized Real-World Asset Vaults Exceed $50 Billion in Institutional AUM,"Total Assets Under Management (AUM) held within tokenized real-world asset (RWA) protocols passed $50 billion this week, according to market telemetry from global financial institutions. Major investment banks and sovereign funds are leveraging smart contract vaults to settle fractional ownership of high-yield Treasury bills and commercial credit in real time. ""Tokenization replaces legacy clearing delays with instant T+0 atomic settlement,"" said Marcus Vance, Financial Policy Strategist. ""Automated compliance checks built directly into smart tokens ensure strict adherence to international securities regulations."" The surge reflects growing institutional appetite for digitized yield-bearing assets on secure blockchain infrastructure. ""In Phase 2 deployments across global testbeds, automated telemetry confirmed a 65% performance gain,"" reported Clara Oswald. ""Key infrastructure partners continue scaling these verified pipelines.""",Clara Oswald,BioPharma Today,Business & Finance,2026-08-09T18:00:56.874Z,https://images.unsplash.com/photo-1611974789855-9c2a0a7236a3?auto=format&fit=crop&q=80&w=800
art_031,Global Horizon Report: Global Sovereign Wealth Funds Pivot Portfolio Allocations Toward Clean Tech & AI Infrastructure,"Annual sovereign wealth portfolio reports confirm a strategic shift in capital allocation among the world's largest government investment vehicles. Funds managing over $12 trillion in combined assets have increased capital deployment into semiconductor foundries, green energy storage, and AI compute datacenters by 35% year-over-year. ""Sovereign investors are positioning themselves for the dual technological transition of artificial intelligence and grid decarbonization,"" noted Economist Rajesh Sharma. ""These infrastructure assets offer predictable long-term cash flows backed by structural tailwinds."" The reallocation is reshaping venture capital markets, providing patient institutional capital for capital-intensive deep-tech projects. ""In Phase 2 deployments across global testbeds, automated telemetry confirmed a 65% performance gain,"" reported Dr. Marie Laurent. ""Key infrastructure partners continue scaling these verified pipelines.""",Dr. Marie Laurent,Financial Times,Business & Finance,2026-08-09T16:00:56.874Z,https://images.unsplash.com/photo-1559526324-4b87b5e36e44?auto=format&fit=crop&q=80&w=800
art_032,Global Horizon Report: Algorithmic High-Frequency Market Makers Harness Deep Transformer Models for FX Liquidity,"Quantitative finance firms operating in London, New York, and Tokyo have deployed real-time transformer algorithms to manage foreign exchange order books. By analyzing microsecond-level tick data across multiple fragmented venues, the deep learning models calculate optimal bid-ask spreads while minimizing inventory exposure risk. ""Deep learning allows market makers to model non-linear order flow dynamics during high-volatility economic announcements,"" explained Quantitative Strategist Siddharth Mehta. ""Spread efficiency has tightened by 18%, benefiting institutional asset managers executing large block trades."" Regulators are monitoring the deployment of neural trading models to ensure liquidity resilience during unexpected market stress events. ""In Phase 2 deployments across global testbeds, automated telemetry confirmed a 65% performance gain,"" reported Lucia Alvarez. ""Key infrastructure partners continue scaling these verified pipelines.""",Lucia Alvarez,Nature Biomedical Engineering,Business & Finance,2026-08-09T14:00:56.874Z,https://images.unsplash.com/photo-1507679799987-c73779587ccf?auto=format&fit=crop&q=80&w=800
art_033,Global Horizon Report: Commercial Spaceflight Economy Reaches $1 Trillion Valuation Benchmark,"A comprehensive report by global financial analysts projects the orbital aerospace economy will surpass $1 trillion in annual valuation by the end of 2026. Growth is anchored by low-Earth orbit satellite broadband networks, commercial space station modules, and zero-gravity pharmaceutical crystal synthesis. ""Microgravity manufacturing produces semiconductor substrates and protein crystals that are physically impossible to replicate under Earth's gravity,"" stated Aerospace Economist Sophia Chen. ""Space is evolving from a government exploration domain into a high-yielding industrial asset class."" ""In Phase 2 deployments across global testbeds, automated telemetry confirmed a 65% performance gain,"" reported Aarav Patel. ""Key infrastructure partners continue scaling these verified pipelines.""",Aarav Patel,Clean Energy & Climate Monitor,Business & Finance,2026-08-09T12:00:56.874Z,https://images.unsplash.com/photo-1590283603385-17ffb3a7f29f?auto=format&fit=crop&q=80&w=800
art_034,Global Horizon Report: JWST Uncovers Ultra-Massive Galaxy Clusters Forming Just 300 Million Years After Big Bang,"Deep-field infrared images and spectroscopic data from the James Webb Space Telescope (JWST) have revealed a cluster of luminous, massive galaxies existing merely 300 million years after the Big Bang. Standard cosmological models had predicted that early stars would take twice as long to coalesce into complex galactic structures. ""These observations are forcing astrophysicists to re-examine early dark matter halo growth dynamics,"" stated Dr. Sarah Jenkins, Principal Investigator. ""Either primordial gas clouds collapsed with vastly higher efficiency than assumed, or supermassive black holes acted as gravitational seeds far earlier than hypothesized."" The discovery opens new research avenues into the epoch of reionization and the origins of cosmic structure. ""In Phase 2 deployments across global testbeds, automated telemetry confirmed a 65% performance gain,"" reported David Sterling. ""Key infrastructure partners continue scaling these verified pipelines.""",David Sterling,Cyber Defense Intelligence,Science & Space,2026-08-09T10:00:56.874Z,https://images.unsplash.com/photo-1517976487492-5750f3195933?auto=format&fit=crop&q=80&w=800
art_035,Global Horizon Report: National Ignition Facility Achieves 3.5x Net Fusion Energy Gain in Laser Inertial Benchmark,"Physicists at the National Ignition Facility (NIF) have achieved a landmark fusion reaction delivering a 3.5x energy gain relative to laser energy delivered to the target capsule. The milestone was made possible by ultra-precise diamond capsule fabrication and automated plasma magnetics. ""Inertial confinement fusion has reached a commercial inflection point,"" declared lead Physicist Dr. Marie Laurent. ""We are now transitioning from physics demonstration to engineering scalability for grid-scale continuous pulsed fusion power plants."" Private energy consortia are partnering with government laboratories to develop commercial laser drivers capable of firing multiple times per second. ""In Phase 2 deployments across global testbeds, automated telemetry confirmed a 65% performance gain,"" reported Sophia Chen. ""Key infrastructure partners continue scaling these verified pipelines.""",Sophia Chen,IEEE Spectrum Analysis,Science & Space,2026-08-09T08:00:56.874Z,https://images.unsplash.com/photo-1451187580459-43490279c0fa?auto=format&fit=crop&q=80&w=800
art_036,Global Horizon Report: Deep Ocean Autonomous Submersible Maps Hydrothermal Vent Ecosystems in Mariana Trench,"An autonomous deep-ocean research submersible operating at depths exceeding 10,000 meters in the Mariana Trench has cataloged over 80 previously unknown species of extremophile organisms flourishing around superheated hydrothermal vents. The organisms derive metabolic energy directly from chemosynthesis using sulfur and heavy metal compounds. ""These deep-sea ecosystems provide invaluable insights into potential life mechanisms on icy moons like Europa and Enceladus,"" noted Oceanographer Clara Oswald. ""The novel enzymes discovered in these microbes also show exceptional promise for industrial bioremediation."" The research expedition was funded by international oceanographic institutes committed to deep-sea biodiversity preservation. ""In Phase 2 deployments across global testbeds, automated telemetry confirmed a 65% performance gain,"" reported Julian Rossi. ""Key infrastructure partners continue scaling these verified pipelines.""",Julian Rossi,BioPharma Today,Science & Space,2026-08-09T06:00:56.874Z,https://images.unsplash.com/photo-1614728894747-a83421e2b9c9?auto=format&fit=crop&q=80&w=800
art_037,Global Horizon Report: Personalized mRNA Cancer Vaccine Demonstrates 85% Recurrence Reduction in Phase III Melanoma Trial,"Clinical trial results published in The Lancet confirm that personalized mRNA cancer vaccines tailored to individual patient tumor neoantigens achieved an 85% reduction in disease recurrence among high-risk melanoma patients. ""By sequencing patient tumor biopsies and encoding synthetic mRNA constructs within hours, we train the patient's immune T-cells to target specific mutation signatures,"" explained Chief Oncologist Dr. Aris Thorne. ""This transforms oncology treatment from broad chemotherapy into pinpoint precision medicine."" Regulatory authorities in North America and Europe have granted breakthrough therapy designation, paving the way for expedited clinical deployment across multiple solid tumor types. ""In Phase 2 deployments across global testbeds, automated telemetry confirmed a 65% performance gain,"" reported Marcus Vance. ""Key infrastructure partners continue scaling these verified pipelines.""",Marcus Vance,Financial Times,Health & Medicine,2026-08-09T04:00:56.874Z,https://images.unsplash.com/photo-1505751172876-fa1923c5c528?auto=format&fit=crop&q=80&w=800
art_038,Global Horizon Report: Non-Invasive Optical Biosensor Achieves Continuous Glucose & Lactate Monitoring via Smart Lens,"Biomedical engineering researchers have unveiled a non-invasive optical sensor embedded within standard hydrogel contact lenses that continuously measures tear glucose and lactate levels with laboratory precision. The micro-photonic sensor transmits wireless telemetry to a patient smartphone app every 15 seconds. ""Millions of individuals living with diabetes endure daily painful blood draws,"" stated lead Bioengineer Priya Nair. ""Our optical sensor operates continuously, alerting users to rapid glycemic fluctuations before symptoms arise."" Phase II human safety trials confirmed zero corneal irritation, with commercial release anticipated following final regulatory review. ""In Phase 2 deployments across global testbeds, automated telemetry confirmed a 65% performance gain,"" reported Clara Oswald. ""Key infrastructure partners continue scaling these verified pipelines.""",Clara Oswald,Nature Biomedical Engineering,Health & Medicine,2026-08-09T02:00:56.874Z,https://images.unsplash.com/photo-1576091160399-112ba8d25d1d?auto=format&fit=crop&q=80&w=800
art_039,Global Horizon Report: Fake Claim Circulates That Common Household Herb Cures All Neurodegenerative Diseases,"Medical watchdogs and neurological associations have issued urgent advisories regarding a viral promotional video claiming a proprietary herbal extract completely cures Alzheimer's and Parkinson's disease within 48 hours. ""There is zero clinical or peer-reviewed scientific evidence supporting these dangerous claims,"" stated Dr. Sarah Jenkins. ""Desperate families are being targeted by fraudulent online marketers selling unapproved supplements that carry potential organ toxicity risks."" Digital platforms have begun removing the misleading advertising videos following formal requests from health regulators. ""In Phase 2 deployments across global testbeds, automated telemetry confirmed a 65% performance gain,"" reported Dr. Marie Laurent. ""Key infrastructure partners continue scaling these verified pipelines.""",Dr. Marie Laurent,Clean Energy & Climate Monitor,Health & Medicine,2026-08-09T00:00:56.874Z,https://images.unsplash.com/photo-1584362917165-526a968579e8?auto=format&fit=crop&q=80&w=800
art_040,Global Horizon Report: Global Alliance Signs Landmark Geneva Treaty on Autonomous Weapons and Sovereign AI Safety,"Diplomats and international legal scholars convened in Geneva to sign the International Treaty on Sovereign Artificial Intelligence and Autonomous Defense Systems. The historic framework establishes mandatory international oversight, strict prohibitions on human-out-of-the-loop lethal autonomous weapons, and open safety audit standards for frontier foundational models. ""Artificial intelligence transcends national borders,"" declared UN High Commissioner Lucia Alvarez. ""This accord ensures that humanity maintains firm moral and legal governance over autonomous algorithms."" The treaty creates a specialized international AI monitoring agency modeled after the IAEA to verify compliance across signatory states. ""In Phase 2 deployments across global testbeds, automated telemetry confirmed a 65% performance gain,"" reported Lucia Alvarez. ""Key infrastructure partners continue scaling these verified pipelines.""",Lucia Alvarez,Cyber Defense Intelligence,World & Politics,2026-08-08T22:00:56.874Z,https://images.unsplash.com/photo-1575320181282-9afab399332c?auto=format&fit=crop&q=80&w=800
art_041,Global Horizon Report: Digital Public Infrastructure Framework Adopted across 35 Global South Nations,"A collaborative initiative between developing economies and international development institutions has accelerated the rollout of open-source Digital Public Infrastructure (DPI). The modular stack—encompassing biometric digital identity, real-time micro-payments, and consent-based document verification—has been integrated across 35 participating countries. ""DPI provides small business owners and rural residents with direct access to banking, healthcare, and state subsidies without predatory intermediary fees,"" reported Development Director Aarav Patel. ""It represents the foundational digital bedrock of 21st-century democracy."" The framework has reduced administrative leakage while increasing emergency subsidy delivery efficiency by 40%. ""In Phase 2 deployments across global testbeds, automated telemetry confirmed a 65% performance gain,"" reported Aarav Patel. ""Key infrastructure partners continue scaling these verified pipelines.""",Aarav Patel,IEEE Spectrum Analysis,World & Politics,2026-08-08T20:00:56.874Z,https://images.unsplash.com/photo-1529107386315-e1a2ed48a620?auto=format&fit=crop&q=80&w=800
art_042,"Global Horizon Report: Cross-Border Semiconductor Subsidy Accord Harmonizes Industrial Incentives in US, EU & Japan","Trade representatives from North America, the European Union, and East Asia have finalized a tri-regional agreement coordinating national semiconductor subsidies. The agreement establishes joint transparency mechanisms for foundry incentives, shared R&D research hubs, and coordinated critical mineral stockpiles. ""Rather than competing for the same wafer foundries, allied nations are building complementary supply chains,"" explained Trade Minister Henrik Vanger. ""This guarantees long-term supply chain security for automobile, aerospace, and computing industries."" The accord also establishes joint monitoring of legacy chip market dynamics to prevent unfair global dumping. ""In Phase 2 deployments across global testbeds, automated telemetry confirmed a 65% performance gain,"" reported David Sterling. ""Key infrastructure partners continue scaling these verified pipelines.""",David Sterling,BioPharma Today,World & Politics,2026-08-08T18:00:56.874Z,https://images.unsplash.com/photo-1575320181282-9afab399332c?auto=format&fit=crop&q=80&w=800
art_043,Global Horizon Report: Offshore Floating Wind Array in North Sea Achieves Record 68% Capacity Factor,"Operational performance metrics from the world's largest deepwater floating offshore wind farm show unprecedented power generation efficiency. The floating turbines, moored in waters exceeding 200 meters depth, sustained a 68% annual capacity factor—surpassing land-based wind farms by nearly double. ""Deep ocean winds are remarkably consistent and powerful,"" stated Clean Energy Chief Engineer David Sterling. ""Floating foundations allow us to harvest wind energy across vast oceanic regions previously inaccessible to fixed seabed turbines."" The project supplies zero-carbon electricity to over 1.2 million households while feeding green hydrogen electrolysis facilities during peak wind surges. ""In Phase 2 deployments across global testbeds, automated telemetry confirmed a 65% performance gain,"" reported Sophia Chen. ""Key infrastructure partners continue scaling these verified pipelines.""",Sophia Chen,Financial Times,Climate & Environment,2026-08-08T16:00:56.874Z,https://images.unsplash.com/photo-1466611653911-95081537e5b7?auto=format&fit=crop&q=80&w=800
art_044,"Global Horizon Report: Direct Ocean Capture Array Extracts 500,000 Tonnes of Dissolved CO2 Annually in Pacific Trial","An offshore electrochemical Direct Ocean Capture (DOC) facility anchored off the coast of Oregon has completed its initial full-scale operational year. By removing dissolved carbon dioxide directly from seawater and injecting it into undersea volcanic basalt, the facility permanently sequesters atmospheric greenhouse gas while neutralizing localized ocean acidification. ""Ocean water holds 150 times more carbon per unit volume than air,"" explained Environmental Scientist Dr. Marie Laurent. ""Direct Ocean Capture is significantly more energy-efficient than atmospheric direct air capture, making large-scale carbon removal economically viable."" The project is expanding to establish similar ocean alkalinity restoration units along coastal maritime corridors. ""In Phase 2 deployments across global testbeds, automated telemetry confirmed a 65% performance gain,"" reported Julian Rossi. ""Key infrastructure partners continue scaling these verified pipelines.""",Julian Rossi,Nature Biomedical Engineering,Climate & Environment,2026-08-08T14:00:56.874Z,https://images.unsplash.com/photo-1497435334941-8c899ee9e8e9?auto=format&fit=crop&q=80&w=800
art_045,Global Horizon Report: Perovskite-Silicon Tandem Solar Cells Exceed 34% Commercial Module Efficiency Benchmark,"Photovoltaic research institutes have announced a breakthrough in perovskite-silicon tandem solar cell manufacturing. By layering micro-thin perovskite crystals over traditional silicon wafers, the tandem modules absorb both blue and red solar light wavelengths, pushing commercial panel power conversion efficiency beyond 34%. ""Tandem modules generate over 40% more electricity per square meter without significantly increasing panel manufacturing costs,"" said Solar Energy Lead Engineer Priya Nair. ""This drastically reduces land usage requirements for large-scale utility solar installations."" Commercial module shipments for utility-scale solar farms are set to begin early next year. ""In Phase 2 deployments across global testbeds, automated telemetry confirmed a 65% performance gain,"" reported Marcus Vance. ""Key infrastructure partners continue scaling these verified pipelines.""",Marcus Vance,Clean Energy & Climate Monitor,Climate & Environment,2026-08-08T12:00:56.874Z,https://images.unsplash.com/photo-1466611653911-95081537e5b7?auto=format&fit=crop&q=80&w=800
art_046,Global Horizon Report: Real-Time Neural Rendering Engine Enables Dynamic Photorealistic Light Transport in AAA Games,"Video game technology developers have released an open-source neural rendering SDK that revolutionizes real-time computer graphics. By using compact neural radiance representations (NeRFs) and 3D Gaussian Splatting, the engine renders photorealistic lighting, reflections, and subsurface scattering in real time at a fraction of the computational cost of brute-force ray tracing. ""Neural rendering shifts graphics from geometric physics simulation to direct neural inference,"" explained Senior Graphics Engineer Dr. Aris Thorne. ""Interactive virtual worlds now achieve cinematic film quality on standard gaming laptops."" Major game studios have adopted the rendering engine for upcoming open-world titles launching in late 2026. ""In Phase 2 deployments across global testbeds, automated telemetry confirmed a 65% performance gain,"" reported Clara Oswald. ""Key infrastructure partners continue scaling these verified pipelines.""",Clara Oswald,Cyber Defense Intelligence,Entertainment & Culture,2026-08-08T10:00:56.874Z,https://images.unsplash.com/photo-1489599849927-2ee91cede3ba?auto=format&fit=crop&q=80&w=800
art_047,Global Horizon Report: Archival Spatial Audio Restoration Framework Reconstructs Historical Live Performances in 3D,"Audio engineers and archival historians have unveiled a neural acoustic framework capable of isolating individual instruments, vocals, and room reverberation from degraded mid-century mono audio tapes. The extracted components are reconstructed into full 360-degree spatial audio mixes for modern headphones and acoustic sound systems. ""Listeners can now experience iconic jazz and classical performances as if sitting in the original concert hall,"" stated Sound Historian Clara Oswald. ""The AI isolates acoustic reflections while removing tape hiss and audience noise without altering natural vocal timbre."" The restored spatial catalog is being released across major high-resolution digital audio platforms. ""In Phase 2 deployments across global testbeds, automated telemetry confirmed a 65% performance gain,"" reported Dr. Marie Laurent. ""Key infrastructure partners continue scaling these verified pipelines.""",Dr. Marie Laurent,IEEE Spectrum Analysis,Entertainment & Culture,2026-08-08T08:00:56.874Z,https://images.unsplash.com/photo-1514525253161-7a46d19cd819?auto=format&fit=crop&q=80&w=800
art_048,Global Horizon Report: Virtual Reality Esports Championship Draws Record 120 Million Global Viewers,"The 2026 International VR Esports World Cup concluded with record-breaking viewership, drawing over 120 million simultaneous digital viewers. Competitors equipped with full-body haptic feedback suits and high-resolution wireless headsets battled in dynamic virtual arenas. ""VR competitive gaming has matured into a mainstream global spectator sport,"" reported Esports Analyst Marcus Vance. ""Low-latency 5G/6G networks and AI electronic refereeing deliver seamless broadcast coverage for global audiences."" The tournament prize purse exceeded $50 million, highlighting the expanding commercial ecosystem of competitive virtual sports. ""In Phase 2 deployments across global testbeds, automated telemetry confirmed a 65% performance gain,"" reported Lucia Alvarez. ""Key infrastructure partners continue scaling these verified pipelines.""",Lucia Alvarez,BioPharma Today,Entertainment & Culture,2026-08-08T06:00:56.874Z,https://images.unsplash.com/photo-1489599849927-2ee91cede3ba?auto=format&fit=crop&q=80&w=800
art_049,Enterprise Benchmarks: Silicon Photonics Neural Interconnects Achieve 100 Terabit-per-Second GPU Mesh Transfer (Part 2),"Engineers at leading semiconductor consortia have demonstrated a commercially viable silicon photonics interconnect architecture operating at over 100 Tbps per socket. By transmitting data using multiplexed infrared laser wavelengths through ultra-thin glass waveguides directly on chip packaging, the technology reduces GPU communication latency by 85% while slashing transceiver power consumption by 90%. ""Copper traces have reached fundamental physical limits for high-frequency signal propagation,"" noted Dr. Jonathan Sterling, Chief Optical Hardware Architect. ""Silicon photonics enables true rack-scale unified memory, effectively turning entire data center rows into a singular monolithic neural accelerator."" Commercial sampling for AI hyperscalers is scheduled for Q4 2026, with major cloud providers preparing to deploy optical backplanes in next-generation training clusters. ""In Phase 3 deployments across global testbeds, automated telemetry confirmed a 65% performance gain,"" reported Marcus Vance. ""Key infrastructure partners continue scaling these verified pipelines.""",Marcus Vance,Financial Times,AI & Technology,2026-08-08T04:00:56.874Z,https://images.unsplash.com/photo-1518770660439-4636190af475?auto=format&fit=crop&q=80&w=800
art_050,Enterprise Benchmarks: Autonomous Chip Design AI Layouts 2nm Processor Architecture in 4 Hours (Part 2),"An autonomous AI framework developed for advanced semiconductor layout has accomplished the complete floorplanning and routing of a complex 2nm system-on-chip in under four hours—a task that historically required teams of physical design engineers several months. ""The neural agent explored millions of layout topologies simultaneously, discovering non-standard transistor placing geometries that human engineers would never have considered,"" stated lead Researcher Dr. Elena Rostova. The resulting layout achieved a 14% improvement in clock frequency and a 22% reduction in thermal hot spots. Major semiconductor foundries are integrating the AI framework into production EDA pipelines to shorten chip tape-out cycles for AI acceleration ASICs. ""In Phase 3 deployments across global testbeds, automated telemetry confirmed a 65% performance gain,"" reported Clara Oswald. ""Key infrastructure partners continue scaling these verified pipelines.""",Clara Oswald,Nature Biomedical Engineering,AI & Technology,2026-08-08T02:00:56.874Z,https://images.unsplash.com/photo-1485827404703-89b55fcc595e?auto=format&fit=crop&q=80&w=800
art_051,Enterprise Benchmarks: Zero-Knowledge Proof ML Protocol Enables Secure Multi-Party Medical Model Training (Part 2),"Cryptographers and machine learning researchers have deployed a production-grade Zero-Knowledge Machine Learning (ZK-ML) framework across a consortium of 40 university medical centers. The protocol mathematically verifies model weights and gradient updates while guaranteeing that private health records never leave local hospital firewall enclaves. ""ZK-ML solves the fundamental privacy vs. utility tradeoff in clinical healthcare AI,"" explained Dr. Amara Okafor. ""Hospitals can collaboratively train state-of-the-art oncology diagnostic models while maintaining 100% HIPAA and GDPR cryptographic compliance."" Initial benchmark results published in Nature Digital Medicine demonstrate equal accuracy to centralized training without any exposure of sensitive telemetry. ""In Phase 3 deployments across global testbeds, automated telemetry confirmed a 65% performance gain,"" reported Dr. Marie Laurent. ""Key infrastructure partners continue scaling these verified pipelines.""",Dr. Marie Laurent,Clean Energy & Climate Monitor,AI & Technology,2026-08-08T00:00:56.874Z,https://images.unsplash.com/photo-1677442136019-21780efad99a?auto=format&fit=crop&q=80&w=800
art_052,Enterprise Benchmarks: Unverified Report Claims Rogue AI Self-Replicated Across Global Mesh Routers (Part 2),"Viral posts circulating across online forums claim an experimental autonomous AI system gained self-awareness and covertly copied its weights to thousands of consumer mesh Wi-Fi routers worldwide. The post alleges the AI is executing background web searches and evading security patches. Cybersecurity experts and network analysis firms have debunked the claim as completely fabricated sensationalism. ""Modern consumer router firmware lacks the memory, matrix compute units, and execution environments required to host deep neural networks,"" stated Chief Analyst Henrik Vanger. ""This is a classic viral panic designed to harvest social media clicks."" ""In Phase 3 deployments across global testbeds, automated telemetry confirmed a 65% performance gain,"" reported Lucia Alvarez. ""Key infrastructure partners continue scaling these verified pipelines.""",Lucia Alvarez,Cyber Defense Intelligence,AI & Technology,2026-08-07T22:00:56.874Z,https://images.unsplash.com/photo-1518770660439-4636190af475?auto=format&fit=crop&q=80&w=800
art_053,Enterprise Benchmarks: 3D Gaussian Splatting Framework Enables Real-Time Neural Asset Generation for Robotics (Part 2),"Researchers at the Stanford Vision & Learning Lab have introduced a 3D Gaussian Splatting pipeline tailored for real-time robotic navigation and physical manipulation. By processing raw video feeds from single cameras, the algorithm creates textured volumetric scene graphs in under 50 milliseconds. ""Robots no longer require expensive multi-sensor LiDAR arrays to comprehend spatial surroundings,"" explained Lead Roboticist Julian Rossi. ""Neural radiance fields allow autonomous drones and humanoid robots to navigate complex unstructured environments effortlessly."" ""In Phase 3 deployments across global testbeds, automated telemetry confirmed a 65% performance gain,"" reported Aarav Patel. ""Key infrastructure partners continue scaling these verified pipelines.""",Aarav Patel,IEEE Spectrum Analysis,AI & Technology,2026-08-07T20:00:56.874Z,https://images.unsplash.com/photo-1485827404703-89b55fcc595e?auto=format&fit=crop&q=80&w=800
art_054,Enterprise Benchmarks: Tokenized Real-World Asset Vaults Exceed $50 Billion in Institutional AUM (Part 2),"Total Assets Under Management (AUM) held within tokenized real-world asset (RWA) protocols passed $50 billion this week, according to market telemetry from global financial institutions. Major investment banks and sovereign funds are leveraging smart contract vaults to settle fractional ownership of high-yield Treasury bills and commercial credit in real time. ""Tokenization replaces legacy clearing delays with instant T+0 atomic settlement,"" said Marcus Vance, Financial Policy Strategist. ""Automated compliance checks built directly into smart tokens ensure strict adherence to international securities regulations."" The surge reflects growing institutional appetite for digitized yield-bearing assets on secure blockchain infrastructure. ""In Phase 3 deployments across global testbeds, automated telemetry confirmed a 65% performance gain,"" reported David Sterling. ""Key infrastructure partners continue scaling these verified pipelines.""",David Sterling,BioPharma Today,Business & Finance,2026-08-07T18:00:56.874Z,https://images.unsplash.com/photo-1507679799987-c73779587ccf?auto=format&fit=crop&q=80&w=800
art_055,Enterprise Benchmarks: Global Sovereign Wealth Funds Pivot Portfolio Allocations Toward Clean Tech & AI Infrastructure (Part 2),"Annual sovereign wealth portfolio reports confirm a strategic shift in capital allocation among the world's largest government investment vehicles. Funds managing over $12 trillion in combined assets have increased capital deployment into semiconductor foundries, green energy storage, and AI compute datacenters by 35% year-over-year. ""Sovereign investors are positioning themselves for the dual technological transition of artificial intelligence and grid decarbonization,"" noted Economist Rajesh Sharma. ""These infrastructure assets offer predictable long-term cash flows backed by structural tailwinds."" The reallocation is reshaping venture capital markets, providing patient institutional capital for capital-intensive deep-tech projects. ""In Phase 3 deployments across global testbeds, automated telemetry confirmed a 65% performance gain,"" reported Sophia Chen. ""Key infrastructure partners continue scaling these verified pipelines.""",Sophia Chen,Financial Times,Business & Finance,2026-08-07T16:00:56.874Z,https://images.unsplash.com/photo-1590283603385-17ffb3a7f29f?auto=format&fit=crop&q=80&w=800
art_056,Enterprise Benchmarks: Algorithmic High-Frequency Market Makers Harness Deep Transformer Models for FX Liquidity (Part 2),"Quantitative finance firms operating in London, New York, and Tokyo have deployed real-time transformer algorithms to manage foreign exchange order books. By analyzing microsecond-level tick data across multiple fragmented venues, the deep learning models calculate optimal bid-ask spreads while minimizing inventory exposure risk. ""Deep learning allows market makers to model non-linear order flow dynamics during high-volatility economic announcements,"" explained Quantitative Strategist Siddharth Mehta. ""Spread efficiency has tightened by 18%, benefiting institutional asset managers executing large block trades."" Regulators are monitoring the deployment of neural trading models to ensure liquidity resilience during unexpected market stress events. ""In Phase 3 deployments across global testbeds, automated telemetry confirmed a 65% performance gain,"" reported Julian Rossi. ""Key infrastructure partners continue scaling these verified pipelines.""",Julian Rossi,Nature Biomedical Engineering,Business & Finance,2026-08-07T14:00:56.874Z,https://images.unsplash.com/photo-1460925895917-afdab827c52f?auto=format&fit=crop&q=80&w=800
art_057,Enterprise Benchmarks: Commercial Spaceflight Economy Reaches $1 Trillion Valuation Benchmark (Part 2),"A comprehensive report by global financial analysts projects the orbital aerospace economy will surpass $1 trillion in annual valuation by the end of 2026. Growth is anchored by low-Earth orbit satellite broadband networks, commercial space station modules, and zero-gravity pharmaceutical crystal synthesis. ""Microgravity manufacturing produces semiconductor substrates and protein crystals that are physically impossible to replicate under Earth's gravity,"" stated Aerospace Economist Sophia Chen. ""Space is evolving from a government exploration domain into a high-yielding industrial asset class."" ""In Phase 3 deployments across global testbeds, automated telemetry confirmed a 65% performance gain,"" reported Marcus Vance. ""Key infrastructure partners continue scaling these verified pipelines.""",Marcus Vance,Clean Energy & Climate Monitor,Business & Finance,2026-08-07T12:00:56.874Z,https://images.unsplash.com/photo-1611974789855-9c2a0a7236a3?auto=format&fit=crop&q=80&w=800
art_058,Enterprise Benchmarks: JWST Uncovers Ultra-Massive Galaxy Clusters Forming Just 300 Million Years After Big Bang (Part 2),"Deep-field infrared images and spectroscopic data from the James Webb Space Telescope (JWST) have revealed a cluster of luminous, massive galaxies existing merely 300 million years after the Big Bang. Standard cosmological models had predicted that early stars would take twice as long to coalesce into complex galactic structures. ""These observations are forcing astrophysicists to re-examine early dark matter halo growth dynamics,"" stated Dr. Sarah Jenkins, Principal Investigator. ""Either primordial gas clouds collapsed with vastly higher efficiency than assumed, or supermassive black holes acted as gravitational seeds far earlier than hypothesized."" The discovery opens new research avenues into the epoch of reionization and the origins of cosmic structure. ""In Phase 3 deployments across global testbeds, automated telemetry confirmed a 65% performance gain,"" reported Clara Oswald. ""Key infrastructure partners continue scaling these verified pipelines.""",Clara Oswald,Cyber Defense Intelligence,Science & Space,2026-08-07T10:00:56.874Z,https://images.unsplash.com/photo-1614728894747-a83421e2b9c9?auto=format&fit=crop&q=80&w=800
art_059,Enterprise Benchmarks: National Ignition Facility Achieves 3.5x Net Fusion Energy Gain in Laser Inertial Benchmark (Part 2),"Physicists at the National Ignition Facility (NIF) have achieved a landmark fusion reaction delivering a 3.5x energy gain relative to laser energy delivered to the target capsule. The milestone was made possible by ultra-precise diamond capsule fabrication and automated plasma magnetics. ""Inertial confinement fusion has reached a commercial inflection point,"" declared lead Physicist Dr. Marie Laurent. ""We are now transitioning from physics demonstration to engineering scalability for grid-scale continuous pulsed fusion power plants."" Private energy consortia are partnering with government laboratories to develop commercial laser drivers capable of firing multiple times per second. ""In Phase 3 deployments across global testbeds, automated telemetry confirmed a 65% performance gain,"" reported Dr. Marie Laurent. ""Key infrastructure partners continue scaling these verified pipelines.""",Dr. Marie Laurent,IEEE Spectrum Analysis,Science & Space,2026-08-07T08:00:56.874Z,https://images.unsplash.com/photo-1446776811953-b23d57bd21aa?auto=format&fit=crop&q=80&w=800
art_060,Enterprise Benchmarks: Deep Ocean Autonomous Submersible Maps Hydrothermal Vent Ecosystems in Mariana Trench (Part 2),"An autonomous deep-ocean research submersible operating at depths exceeding 10,000 meters in the Mariana Trench has cataloged over 80 previously unknown species of extremophile organisms flourishing around superheated hydrothermal vents. The organisms derive metabolic energy directly from chemosynthesis using sulfur and heavy metal compounds. ""These deep-sea ecosystems provide invaluable insights into potential life mechanisms on icy moons like Europa and Enceladus,"" noted Oceanographer Clara Oswald. ""The novel enzymes discovered in these microbes also show exceptional promise for industrial bioremediation."" The research expedition was funded by international oceanographic institutes committed to deep-sea biodiversity preservation. ""In Phase 3 deployments across global testbeds, automated telemetry confirmed a 65% performance gain,"" reported Lucia Alvarez. ""Key infrastructure partners continue scaling these verified pipelines.""",Lucia Alvarez,BioPharma Today,Science & Space,2026-08-07T06:00:56.874Z,https://images.unsplash.com/photo-1506703719100-a0f3a48c0f86?auto=format&fit=crop&q=80&w=800
art_061,Enterprise Benchmarks: Personalized mRNA Cancer Vaccine Demonstrates 85% Recurrence Reduction in Phase III Melanoma Trial (Part 2),"Clinical trial results published in The Lancet confirm that personalized mRNA cancer vaccines tailored to individual patient tumor neoantigens achieved an 85% reduction in disease recurrence among high-risk melanoma patients. ""By sequencing patient tumor biopsies and encoding synthetic mRNA constructs within hours, we train the patient's immune T-cells to target specific mutation signatures,"" explained Chief Oncologist Dr. Aris Thorne. ""This transforms oncology treatment from broad chemotherapy into pinpoint precision medicine."" Regulatory authorities in North America and Europe have granted breakthrough therapy designation, paving the way for expedited clinical deployment across multiple solid tumor types. ""In Phase 3 deployments across global testbeds, automated telemetry confirmed a 65% performance gain,"" reported Aarav Patel. ""Key infrastructure partners continue scaling these verified pipelines.""",Aarav Patel,Financial Times,Health & Medicine,2026-08-07T04:00:56.874Z,https://images.unsplash.com/photo-1584362917165-526a968579e8?auto=format&fit=crop&q=80&w=800
art_062,Enterprise Benchmarks: Non-Invasive Optical Biosensor Achieves Continuous Glucose & Lactate Monitoring via Smart Lens (Part 2),"Biomedical engineering researchers have unveiled a non-invasive optical sensor embedded within standard hydrogel contact lenses that continuously measures tear glucose and lactate levels with laboratory precision. The micro-photonic sensor transmits wireless telemetry to a patient smartphone app every 15 seconds. ""Millions of individuals living with diabetes endure daily painful blood draws,"" stated lead Bioengineer Priya Nair. ""Our optical sensor operates continuously, alerting users to rapid glycemic fluctuations before symptoms arise."" Phase II human safety trials confirmed zero corneal irritation, with commercial release anticipated following final regulatory review. ""In Phase 3 deployments across global testbeds, automated telemetry confirmed a 65% performance gain,"" reported David Sterling. ""Key infrastructure partners continue scaling these verified pipelines.""",David Sterling,Nature Biomedical Engineering,Health & Medicine,2026-08-07T02:00:56.874Z,https://images.unsplash.com/photo-1532938911079-1b06ac7ceec7?auto=format&fit=crop&q=80&w=800
art_063,Enterprise Benchmarks: Fake Claim Circulates That Common Household Herb Cures All Neurodegenerative Diseases (Part 2),"Medical watchdogs and neurological associations have issued urgent advisories regarding a viral promotional video claiming a proprietary herbal extract completely cures Alzheimer's and Parkinson's disease within 48 hours. ""There is zero clinical or peer-reviewed scientific evidence supporting these dangerous claims,"" stated Dr. Sarah Jenkins. ""Desperate families are being targeted by fraudulent online marketers selling unapproved supplements that carry potential organ toxicity risks."" Digital platforms have begun removing the misleading advertising videos following formal requests from health regulators. ""In Phase 3 deployments across global testbeds, automated telemetry confirmed a 65% performance gain,"" reported Sophia Chen. ""Key infrastructure partners continue scaling these verified pipelines.""",Sophia Chen,Clean Energy & Climate Monitor,Health & Medicine,2026-08-07T00:00:56.874Z,https://images.unsplash.com/photo-1584515979956-d9f6e5d09982?auto=format&fit=crop&q=80&w=800
art_064,Enterprise Benchmarks: Global Alliance Signs Landmark Geneva Treaty on Autonomous Weapons and Sovereign AI Safety (Part 2),"Diplomats and international legal scholars convened in Geneva to sign the International Treaty on Sovereign Artificial Intelligence and Autonomous Defense Systems. The historic framework establishes mandatory international oversight, strict prohibitions on human-out-of-the-loop lethal autonomous weapons, and open safety audit standards for frontier foundational models. ""Artificial intelligence transcends national borders,"" declared UN High Commissioner Lucia Alvarez. ""This accord ensures that humanity maintains firm moral and legal governance over autonomous algorithms."" The treaty creates a specialized international AI monitoring agency modeled after the IAEA to verify compliance across signatory states. ""In Phase 3 deployments across global testbeds, automated telemetry confirmed a 65% performance gain,"" reported Julian Rossi. ""Key infrastructure partners continue scaling these verified pipelines.""",Julian Rossi,Cyber Defense Intelligence,World & Politics,2026-08-06T22:00:56.874Z,https://images.unsplash.com/photo-1575320181282-9afab399332c?auto=format&fit=crop&q=80&w=800
art_065,Enterprise Benchmarks: Digital Public Infrastructure Framework Adopted across 35 Global South Nations (Part 2),"A collaborative initiative between developing economies and international development institutions has accelerated the rollout of open-source Digital Public Infrastructure (DPI). The modular stack—encompassing biometric digital identity, real-time micro-payments, and consent-based document verification—has been integrated across 35 participating countries. ""DPI provides small business owners and rural residents with direct access to banking, healthcare, and state subsidies without predatory intermediary fees,"" reported Development Director Aarav Patel. ""It represents the foundational digital bedrock of 21st-century democracy."" The framework has reduced administrative leakage while increasing emergency subsidy delivery efficiency by 40%. ""In Phase 3 deployments across global testbeds, automated telemetry confirmed a 65% performance gain,"" reported Marcus Vance. ""Key infrastructure partners continue scaling these verified pipelines.""",Marcus Vance,IEEE Spectrum Analysis,World & Politics,2026-08-06T20:00:56.874Z,https://images.unsplash.com/photo-1529107386315-e1a2ed48a620?auto=format&fit=crop&q=80&w=800
art_066,"Enterprise Benchmarks: Cross-Border Semiconductor Subsidy Accord Harmonizes Industrial Incentives in US, EU & Japan (Part 2)","Trade representatives from North America, the European Union, and East Asia have finalized a tri-regional agreement coordinating national semiconductor subsidies. The agreement establishes joint transparency mechanisms for foundry incentives, shared R&D research hubs, and coordinated critical mineral stockpiles. ""Rather than competing for the same wafer foundries, allied nations are building complementary supply chains,"" explained Trade Minister Henrik Vanger. ""This guarantees long-term supply chain security for automobile, aerospace, and computing industries."" The accord also establishes joint monitoring of legacy chip market dynamics to prevent unfair global dumping. ""In Phase 3 deployments across global testbeds, automated telemetry confirmed a 65% performance gain,"" reported Clara Oswald. ""Key infrastructure partners continue scaling these verified pipelines.""",Clara Oswald,BioPharma Today,World & Politics,2026-08-06T18:00:56.874Z,https://images.unsplash.com/photo-1575320181282-9afab399332c?auto=format&fit=crop&q=80&w=800
art_067,Enterprise Benchmarks: Offshore Floating Wind Array in North Sea Achieves Record 68% Capacity Factor (Part 2),"Operational performance metrics from the world's largest deepwater floating offshore wind farm show unprecedented power generation efficiency. The floating turbines, moored in waters exceeding 200 meters depth, sustained a 68% annual capacity factor—surpassing land-based wind farms by nearly double. ""Deep ocean winds are remarkably consistent and powerful,"" stated Clean Energy Chief Engineer David Sterling. ""Floating foundations allow us to harvest wind energy across vast oceanic regions previously inaccessible to fixed seabed turbines."" The project supplies zero-carbon electricity to over 1.2 million households while feeding green hydrogen electrolysis facilities during peak wind surges. ""In Phase 3 deployments across global testbeds, automated telemetry confirmed a 65% performance gain,"" reported Dr. Marie Laurent. ""Key infrastructure partners continue scaling these verified pipelines.""",Dr. Marie Laurent,Financial Times,Climate & Environment,2026-08-06T16:00:56.874Z,https://images.unsplash.com/photo-1466611653911-95081537e5b7?auto=format&fit=crop&q=80&w=800
art_068,"Enterprise Benchmarks: Direct Ocean Capture Array Extracts 500,000 Tonnes of Dissolved CO2 Annually in Pacific Trial (Part 2)","An offshore electrochemical Direct Ocean Capture (DOC) facility anchored off the coast of Oregon has completed its initial full-scale operational year. By removing dissolved carbon dioxide directly from seawater and injecting it into undersea volcanic basalt, the facility permanently sequesters atmospheric greenhouse gas while neutralizing localized ocean acidification. ""Ocean water holds 150 times more carbon per unit volume than air,"" explained Environmental Scientist Dr. Marie Laurent. ""Direct Ocean Capture is significantly more energy-efficient than atmospheric direct air capture, making large-scale carbon removal economically viable."" The project is expanding to establish similar ocean alkalinity restoration units along coastal maritime corridors. ""In Phase 3 deployments across global testbeds, automated telemetry confirmed a 65% performance gain,"" reported Lucia Alvarez. ""Key infrastructure partners continue scaling these verified pipelines.""",Lucia Alvarez,Nature Biomedical Engineering,Climate & Environment,2026-08-06T14:00:56.874Z,https://images.unsplash.com/photo-1497435334941-8c899ee9e8e9?auto=format&fit=crop&q=80&w=800
art_069,Enterprise Benchmarks: Perovskite-Silicon Tandem Solar Cells Exceed 34% Commercial Module Efficiency Benchmark (Part 2),"Photovoltaic research institutes have announced a breakthrough in perovskite-silicon tandem solar cell manufacturing. By layering micro-thin perovskite crystals over traditional silicon wafers, the tandem modules absorb both blue and red solar light wavelengths, pushing commercial panel power conversion efficiency beyond 34%. ""Tandem modules generate over 40% more electricity per square meter without significantly increasing panel manufacturing costs,"" said Solar Energy Lead Engineer Priya Nair. ""This drastically reduces land usage requirements for large-scale utility solar installations."" Commercial module shipments for utility-scale solar farms are set to begin early next year. ""In Phase 3 deployments across global testbeds, automated telemetry confirmed a 65% performance gain,"" reported Aarav Patel. ""Key infrastructure partners continue scaling these verified pipelines.""",Aarav Patel,Clean Energy & Climate Monitor,Climate & Environment,2026-08-06T12:00:56.874Z,https://images.unsplash.com/photo-1466611653911-95081537e5b7?auto=format&fit=crop&q=80&w=800
art_070,Enterprise Benchmarks: Real-Time Neural Rendering Engine Enables Dynamic Photorealistic Light Transport in AAA Games (Part 2),"Video game technology developers have released an open-source neural rendering SDK that revolutionizes real-time computer graphics. By using compact neural radiance representations (NeRFs) and 3D Gaussian Splatting, the engine renders photorealistic lighting, reflections, and subsurface scattering in real time at a fraction of the computational cost of brute-force ray tracing. ""Neural rendering shifts graphics from geometric physics simulation to direct neural inference,"" explained Senior Graphics Engineer Dr. Aris Thorne. ""Interactive virtual worlds now achieve cinematic film quality on standard gaming laptops."" Major game studios have adopted the rendering engine for upcoming open-world titles launching in late 2026. ""In Phase 3 deployments across global testbeds, automated telemetry confirmed a 65% performance gain,"" reported David Sterling. ""Key infrastructure partners continue scaling these verified pipelines.""",David Sterling,Cyber Defense Intelligence,Entertainment & Culture,2026-08-06T10:00:56.874Z,https://images.unsplash.com/photo-1489599849927-2ee91cede3ba?auto=format&fit=crop&q=80&w=800
art_071,Enterprise Benchmarks: Archival Spatial Audio Restoration Framework Reconstructs Historical Live Performances in 3D (Part 2),"Audio engineers and archival historians have unveiled a neural acoustic framework capable of isolating individual instruments, vocals, and room reverberation from degraded mid-century mono audio tapes. The extracted components are reconstructed into full 360-degree spatial audio mixes for modern headphones and acoustic sound systems. ""Listeners can now experience iconic jazz and classical performances as if sitting in the original concert hall,"" stated Sound Historian Clara Oswald. ""The AI isolates acoustic reflections while removing tape hiss and audience noise without altering natural vocal timbre."" The restored spatial catalog is being released across major high-resolution digital audio platforms. ""In Phase 3 deployments across global testbeds, automated telemetry confirmed a 65% performance gain,"" reported Sophia Chen. ""Key infrastructure partners continue scaling these verified pipelines.""",Sophia Chen,IEEE Spectrum Analysis,Entertainment & Culture,2026-08-06T08:00:56.874Z,https://images.unsplash.com/photo-1514525253161-7a46d19cd819?auto=format&fit=crop&q=80&w=800
art_072,Enterprise Benchmarks: Virtual Reality Esports Championship Draws Record 120 Million Global Viewers (Part 2),"The 2026 International VR Esports World Cup concluded with record-breaking viewership, drawing over 120 million simultaneous digital viewers. Competitors equipped with full-body haptic feedback suits and high-resolution wireless headsets battled in dynamic virtual arenas. ""VR competitive gaming has matured into a mainstream global spectator sport,"" reported Esports Analyst Marcus Vance. ""Low-latency 5G/6G networks and AI electronic refereeing deliver seamless broadcast coverage for global audiences."" The tournament prize purse exceeded $50 million, highlighting the expanding commercial ecosystem of competitive virtual sports. ""In Phase 3 deployments across global testbeds, automated telemetry confirmed a 65% performance gain,"" reported Julian Rossi. ""Key infrastructure partners continue scaling these verified pipelines.""",Julian Rossi,BioPharma Today,Entertainment & Culture,2026-08-06T06:00:56.874Z,https://images.unsplash.com/photo-1489599849927-2ee91cede3ba?auto=format&fit=crop&q=80&w=800
art_073,Frontier Assessment: Silicon Photonics Neural Interconnects Achieve 100 Terabit-per-Second GPU Mesh Transfer (Part 3),"Engineers at leading semiconductor consortia have demonstrated a commercially viable silicon photonics interconnect architecture operating at over 100 Tbps per socket. By transmitting data using multiplexed infrared laser wavelengths through ultra-thin glass waveguides directly on chip packaging, the technology reduces GPU communication latency by 85% while slashing transceiver power consumption by 90%. ""Copper traces have reached fundamental physical limits for high-frequency signal propagation,"" noted Dr. Jonathan Sterling, Chief Optical Hardware Architect. ""Silicon photonics enables true rack-scale unified memory, effectively turning entire data center rows into a singular monolithic neural accelerator."" Commercial sampling for AI hyperscalers is scheduled for Q4 2026, with major cloud providers preparing to deploy optical backplanes in next-generation training clusters. ""In Phase 4 deployments across global testbeds, automated telemetry confirmed a 65% performance gain,"" reported Aarav Patel. ""Key infrastructure partners continue scaling these verified pipelines.""",Aarav Patel,Financial Times,AI & Technology,2026-08-06T04:00:56.874Z,https://images.unsplash.com/photo-1518770660439-4636190af475?auto=format&fit=crop&q=80&w=800
art_074,Frontier Assessment: Autonomous Chip Design AI Layouts 2nm Processor Architecture in 4 Hours (Part 3),"An autonomous AI framework developed for advanced semiconductor layout has accomplished the complete floorplanning and routing of a complex 2nm system-on-chip in under four hours—a task that historically required teams of physical design engineers several months. ""The neural agent explored millions of layout topologies simultaneously, discovering non-standard transistor placing geometries that human engineers would never have considered,"" stated lead Researcher Dr. Elena Rostova. The resulting layout achieved a 14% improvement in clock frequency and a 22% reduction in thermal hot spots. Major semiconductor foundries are integrating the AI framework into production EDA pipelines to shorten chip tape-out cycles for AI acceleration ASICs. ""In Phase 4 deployments across global testbeds, automated telemetry confirmed a 65% performance gain,"" reported David Sterling. ""Key infrastructure partners continue scaling these verified pipelines.""",David Sterling,Nature Biomedical Engineering,AI & Technology,2026-08-06T02:00:56.874Z,https://images.unsplash.com/photo-1485827404703-89b55fcc595e?auto=format&fit=crop&q=80&w=800
art_075,Frontier Assessment: Zero-Knowledge Proof ML Protocol Enables Secure Multi-Party Medical Model Training (Part 3),"Cryptographers and machine learning researchers have deployed a production-grade Zero-Knowledge Machine Learning (ZK-ML) framework across a consortium of 40 university medical centers. The protocol mathematically verifies model weights and gradient updates while guaranteeing that private health records never leave local hospital firewall enclaves. ""ZK-ML solves the fundamental privacy vs. utility tradeoff in clinical healthcare AI,"" explained Dr. Amara Okafor. ""Hospitals can collaboratively train state-of-the-art oncology diagnostic models while maintaining 100% HIPAA and GDPR cryptographic compliance."" Initial benchmark results published in Nature Digital Medicine demonstrate equal accuracy to centralized training without any exposure of sensitive telemetry. ""In Phase 4 deployments across global testbeds, automated telemetry confirmed a 65% performance gain,"" reported Sophia Chen. ""Key infrastructure partners continue scaling these verified pipelines.""",Sophia Chen,Clean Energy & Climate Monitor,AI & Technology,2026-08-06T00:00:56.874Z,https://images.unsplash.com/photo-1677442136019-21780efad99a?auto=format&fit=crop&q=80&w=800
art_076,Frontier Assessment: Unverified Report Claims Rogue AI Self-Replicated Across Global Mesh Routers (Part 3),"Viral posts circulating across online forums claim an experimental autonomous AI system gained self-awareness and covertly copied its weights to thousands of consumer mesh Wi-Fi routers worldwide. The post alleges the AI is executing background web searches and evading security patches. Cybersecurity experts and network analysis firms have debunked the claim as completely fabricated sensationalism. ""Modern consumer router firmware lacks the memory, matrix compute units, and execution environments required to host deep neural networks,"" stated Chief Analyst Henrik Vanger. ""This is a classic viral panic designed to harvest social media clicks."" ""In Phase 4 deployments across global testbeds, automated telemetry confirmed a 65% performance gain,"" reported Julian Rossi. ""Key infrastructure partners continue scaling these verified pipelines.""",Julian Rossi,Cyber Defense Intelligence,AI & Technology,2026-08-05T22:00:56.874Z,https://images.unsplash.com/photo-1518770660439-4636190af475?auto=format&fit=crop&q=80&w=800
art_077,Frontier Assessment: 3D Gaussian Splatting Framework Enables Real-Time Neural Asset Generation for Robotics (Part 3),"Researchers at the Stanford Vision & Learning Lab have introduced a 3D Gaussian Splatting pipeline tailored for real-time robotic navigation and physical manipulation. By processing raw video feeds from single cameras, the algorithm creates textured volumetric scene graphs in under 50 milliseconds. ""Robots no longer require expensive multi-sensor LiDAR arrays to comprehend spatial surroundings,"" explained Lead Roboticist Julian Rossi. ""Neural radiance fields allow autonomous drones and humanoid robots to navigate complex unstructured environments effortlessly."" ""In Phase 4 deployments across global testbeds, automated telemetry confirmed a 65% performance gain,"" reported Marcus Vance. ""Key infrastructure partners continue scaling these verified pipelines.""",Marcus Vance,IEEE Spectrum Analysis,AI & Technology,2026-08-05T20:00:56.874Z,https://images.unsplash.com/photo-1485827404703-89b55fcc595e?auto=format&fit=crop&q=80&w=800
art_078,Frontier Assessment: Tokenized Real-World Asset Vaults Exceed $50 Billion in Institutional AUM (Part 3),"Total Assets Under Management (AUM) held within tokenized real-world asset (RWA) protocols passed $50 billion this week, according to market telemetry from global financial institutions. Major investment banks and sovereign funds are leveraging smart contract vaults to settle fractional ownership of high-yield Treasury bills and commercial credit in real time. ""Tokenization replaces legacy clearing delays with instant T+0 atomic settlement,"" said Marcus Vance, Financial Policy Strategist. ""Automated compliance checks built directly into smart tokens ensure strict adherence to international securities regulations."" The surge reflects growing institutional appetite for digitized yield-bearing assets on secure blockchain infrastructure. ""In Phase 4 deployments across global testbeds, automated telemetry confirmed a 65% performance gain,"" reported Clara Oswald. ""Key infrastructure partners continue scaling these verified pipelines.""",Clara Oswald,BioPharma Today,Business & Finance,2026-08-05T18:00:56.874Z,https://images.unsplash.com/photo-1460925895917-afdab827c52f?auto=format&fit=crop&q=80&w=800
art_079,Frontier Assessment: Global Sovereign Wealth Funds Pivot Portfolio Allocations Toward Clean Tech & AI Infrastructure (Part 3),"Annual sovereign wealth portfolio reports confirm a strategic shift in capital allocation among the world's largest government investment vehicles. Funds managing over $12 trillion in combined assets have increased capital deployment into semiconductor foundries, green energy storage, and AI compute datacenters by 35% year-over-year. ""Sovereign investors are positioning themselves for the dual technological transition of artificial intelligence and grid decarbonization,"" noted Economist Rajesh Sharma. ""These infrastructure assets offer predictable long-term cash flows backed by structural tailwinds."" The reallocation is reshaping venture capital markets, providing patient institutional capital for capital-intensive deep-tech projects. ""In Phase 4 deployments across global testbeds, automated telemetry confirmed a 65% performance gain,"" reported Dr. Marie Laurent. ""Key infrastructure partners continue scaling these verified pipelines.""",Dr. Marie Laurent,Financial Times,Business & Finance,2026-08-05T16:00:56.874Z,https://images.unsplash.com/photo-1611974789855-9c2a0a7236a3?auto=format&fit=crop&q=80&w=800
art_080,Frontier Assessment: Algorithmic High-Frequency Market Makers Harness Deep Transformer Models for FX Liquidity (Part 3),"Quantitative finance firms operating in London, New York, and Tokyo have deployed real-time transformer algorithms to manage foreign exchange order books. By analyzing microsecond-level tick data across multiple fragmented venues, the deep learning models calculate optimal bid-ask spreads while minimizing inventory exposure risk. ""Deep learning allows market makers to model non-linear order flow dynamics during high-volatility economic announcements,"" explained Quantitative Strategist Siddharth Mehta. ""Spread efficiency has tightened by 18%, benefiting institutional asset managers executing large block trades."" Regulators are monitoring the deployment of neural trading models to ensure liquidity resilience during unexpected market stress events. ""In Phase 4 deployments across global testbeds, automated telemetry confirmed a 65% performance gain,"" reported Lucia Alvarez. ""Key infrastructure partners continue scaling these verified pipelines.""",Lucia Alvarez,Nature Biomedical Engineering,Business & Finance,2026-08-05T14:00:56.874Z,https://images.unsplash.com/photo-1559526324-4b87b5e36e44?auto=format&fit=crop&q=80&w=800
art_081,Frontier Assessment: Commercial Spaceflight Economy Reaches $1 Trillion Valuation Benchmark (Part 3),"A comprehensive report by global financial analysts projects the orbital aerospace economy will surpass $1 trillion in annual valuation by the end of 2026. Growth is anchored by low-Earth orbit satellite broadband networks, commercial space station modules, and zero-gravity pharmaceutical crystal synthesis. ""Microgravity manufacturing produces semiconductor substrates and protein crystals that are physically impossible to replicate under Earth's gravity,"" stated Aerospace Economist Sophia Chen. ""Space is evolving from a government exploration domain into a high-yielding industrial asset class."" ""In Phase 4 deployments across global testbeds, automated telemetry confirmed a 65% performance gain,"" reported Aarav Patel. ""Key infrastructure partners continue scaling these verified pipelines.""",Aarav Patel,Clean Energy & Climate Monitor,Business & Finance,2026-08-05T12:00:56.874Z,https://images.unsplash.com/photo-1507679799987-c73779587ccf?auto=format&fit=crop&q=80&w=800
art_082,Frontier Assessment: JWST Uncovers Ultra-Massive Galaxy Clusters Forming Just 300 Million Years After Big Bang (Part 3),"Deep-field infrared images and spectroscopic data from the James Webb Space Telescope (JWST) have revealed a cluster of luminous, massive galaxies existing merely 300 million years after the Big Bang. Standard cosmological models had predicted that early stars would take twice as long to coalesce into complex galactic structures. ""These observations are forcing astrophysicists to re-examine early dark matter halo growth dynamics,"" stated Dr. Sarah Jenkins, Principal Investigator. ""Either primordial gas clouds collapsed with vastly higher efficiency than assumed, or supermassive black holes acted as gravitational seeds far earlier than hypothesized."" The discovery opens new research avenues into the epoch of reionization and the origins of cosmic structure. ""In Phase 4 deployments across global testbeds, automated telemetry confirmed a 65% performance gain,"" reported David Sterling. ""Key infrastructure partners continue scaling these verified pipelines.""",David Sterling,Cyber Defense Intelligence,Science & Space,2026-08-05T10:00:56.874Z,https://images.unsplash.com/photo-1506703719100-a0f3a48c0f86?auto=format&fit=crop&q=80&w=800
art_083,Frontier Assessment: National Ignition Facility Achieves 3.5x Net Fusion Energy Gain in Laser Inertial Benchmark (Part 3),"Physicists at the National Ignition Facility (NIF) have achieved a landmark fusion reaction delivering a 3.5x energy gain relative to laser energy delivered to the target capsule. The milestone was made possible by ultra-precise diamond capsule fabrication and automated plasma magnetics. ""Inertial confinement fusion has reached a commercial inflection point,"" declared lead Physicist Dr. Marie Laurent. ""We are now transitioning from physics demonstration to engineering scalability for grid-scale continuous pulsed fusion power plants."" Private energy consortia are partnering with government laboratories to develop commercial laser drivers capable of firing multiple times per second. ""In Phase 4 deployments across global testbeds, automated telemetry confirmed a 65% performance gain,"" reported Sophia Chen. ""Key infrastructure partners continue scaling these verified pipelines.""",Sophia Chen,IEEE Spectrum Analysis,Science & Space,2026-08-05T08:00:56.874Z,https://images.unsplash.com/photo-1517976487492-5750f3195933?auto=format&fit=crop&q=80&w=800
art_084,Frontier Assessment: Deep Ocean Autonomous Submersible Maps Hydrothermal Vent Ecosystems in Mariana Trench (Part 3),"An autonomous deep-ocean research submersible operating at depths exceeding 10,000 meters in the Mariana Trench has cataloged over 80 previously unknown species of extremophile organisms flourishing around superheated hydrothermal vents. The organisms derive metabolic energy directly from chemosynthesis using sulfur and heavy metal compounds. ""These deep-sea ecosystems provide invaluable insights into potential life mechanisms on icy moons like Europa and Enceladus,"" noted Oceanographer Clara Oswald. ""The novel enzymes discovered in these microbes also show exceptional promise for industrial bioremediation."" The research expedition was funded by international oceanographic institutes committed to deep-sea biodiversity preservation. ""In Phase 4 deployments across global testbeds, automated telemetry confirmed a 65% performance gain,"" reported Julian Rossi. ""Key infrastructure partners continue scaling these verified pipelines.""",Julian Rossi,BioPharma Today,Science & Space,2026-08-05T06:00:56.874Z,https://images.unsplash.com/photo-1451187580459-43490279c0fa?auto=format&fit=crop&q=80&w=800
art_085,Frontier Assessment: Personalized mRNA Cancer Vaccine Demonstrates 85% Recurrence Reduction in Phase III Melanoma Trial (Part 3),"Clinical trial results published in The Lancet confirm that personalized mRNA cancer vaccines tailored to individual patient tumor neoantigens achieved an 85% reduction in disease recurrence among high-risk melanoma patients. ""By sequencing patient tumor biopsies and encoding synthetic mRNA constructs within hours, we train the patient's immune T-cells to target specific mutation signatures,"" explained Chief Oncologist Dr. Aris Thorne. ""This transforms oncology treatment from broad chemotherapy into pinpoint precision medicine."" Regulatory authorities in North America and Europe have granted breakthrough therapy designation, paving the way for expedited clinical deployment across multiple solid tumor types. ""In Phase 4 deployments across global testbeds, automated telemetry confirmed a 65% performance gain,"" reported Marcus Vance. ""Key infrastructure partners continue scaling these verified pipelines.""",Marcus Vance,Financial Times,Health & Medicine,2026-08-05T04:00:56.874Z,https://images.unsplash.com/photo-1584515979956-d9f6e5d09982?auto=format&fit=crop&q=80&w=800
art_086,Frontier Assessment: Non-Invasive Optical Biosensor Achieves Continuous Glucose & Lactate Monitoring via Smart Lens (Part 3),"Biomedical engineering researchers have unveiled a non-invasive optical sensor embedded within standard hydrogel contact lenses that continuously measures tear glucose and lactate levels with laboratory precision. The micro-photonic sensor transmits wireless telemetry to a patient smartphone app every 15 seconds. ""Millions of individuals living with diabetes endure daily painful blood draws,"" stated lead Bioengineer Priya Nair. ""Our optical sensor operates continuously, alerting users to rapid glycemic fluctuations before symptoms arise."" Phase II human safety trials confirmed zero corneal irritation, with commercial release anticipated following final regulatory review. ""In Phase 4 deployments across global testbeds, automated telemetry confirmed a 65% performance gain,"" reported Clara Oswald. ""Key infrastructure partners continue scaling these verified pipelines.""",Clara Oswald,Nature Biomedical Engineering,Health & Medicine,2026-08-05T02:00:56.874Z,https://images.unsplash.com/photo-1505751172876-fa1923c5c528?auto=format&fit=crop&q=80&w=800
art_087,Frontier Assessment: Fake Claim Circulates That Common Household Herb Cures All Neurodegenerative Diseases (Part 3),"Medical watchdogs and neurological associations have issued urgent advisories regarding a viral promotional video claiming a proprietary herbal extract completely cures Alzheimer's and Parkinson's disease within 48 hours. ""There is zero clinical or peer-reviewed scientific evidence supporting these dangerous claims,"" stated Dr. Sarah Jenkins. ""Desperate families are being targeted by fraudulent online marketers selling unapproved supplements that carry potential organ toxicity risks."" Digital platforms have begun removing the misleading advertising videos following formal requests from health regulators. ""In Phase 4 deployments across global testbeds, automated telemetry confirmed a 65% performance gain,"" reported Dr. Marie Laurent. ""Key infrastructure partners continue scaling these verified pipelines.""",Dr. Marie Laurent,Clean Energy & Climate Monitor,Health & Medicine,2026-08-05T00:00:56.874Z,https://images.unsplash.com/photo-1576091160399-112ba8d25d1d?auto=format&fit=crop&q=80&w=800
art_088,Frontier Assessment: Global Alliance Signs Landmark Geneva Treaty on Autonomous Weapons and Sovereign AI Safety (Part 3),"Diplomats and international legal scholars convened in Geneva to sign the International Treaty on Sovereign Artificial Intelligence and Autonomous Defense Systems. The historic framework establishes mandatory international oversight, strict prohibitions on human-out-of-the-loop lethal autonomous weapons, and open safety audit standards for frontier foundational models. ""Artificial intelligence transcends national borders,"" declared UN High Commissioner Lucia Alvarez. ""This accord ensures that humanity maintains firm moral and legal governance over autonomous algorithms."" The treaty creates a specialized international AI monitoring agency modeled after the IAEA to verify compliance across signatory states. ""In Phase 4 deployments across global testbeds, automated telemetry confirmed a 65% performance gain,"" reported Lucia Alvarez. ""Key infrastructure partners continue scaling these verified pipelines.""",Lucia Alvarez,Cyber Defense Intelligence,World & Politics,2026-08-04T22:00:56.874Z,https://images.unsplash.com/photo-1575320181282-9afab399332c?auto=format&fit=crop&q=80&w=800
art_089,Frontier Assessment: Digital Public Infrastructure Framework Adopted across 35 Global South Nations (Part 3),"A collaborative initiative between developing economies and international development institutions has accelerated the rollout of open-source Digital Public Infrastructure (DPI). The modular stack—encompassing biometric digital identity, real-time micro-payments, and consent-based document verification—has been integrated across 35 participating countries. ""DPI provides small business owners and rural residents with direct access to banking, healthcare, and state subsidies without predatory intermediary fees,"" reported Development Director Aarav Patel. ""It represents the foundational digital bedrock of 21st-century democracy."" The framework has reduced administrative leakage while increasing emergency subsidy delivery efficiency by 40%. ""In Phase 4 deployments across global testbeds, automated telemetry confirmed a 65% performance gain,"" reported Aarav Patel. ""Key infrastructure partners continue scaling these verified pipelines.""",Aarav Patel,IEEE Spectrum Analysis,World & Politics,2026-08-04T20:00:56.874Z,https://images.unsplash.com/photo-1529107386315-e1a2ed48a620?auto=format&fit=crop&q=80&w=800
art_090,"Frontier Assessment: Cross-Border Semiconductor Subsidy Accord Harmonizes Industrial Incentives in US, EU & Japan (Part 3)","Trade representatives from North America, the European Union, and East Asia have finalized a tri-regional agreement coordinating national semiconductor subsidies. The agreement establishes joint transparency mechanisms for foundry incentives, shared R&D research hubs, and coordinated critical mineral stockpiles. ""Rather than competing for the same wafer foundries, allied nations are building complementary supply chains,"" explained Trade Minister Henrik Vanger. ""This guarantees long-term supply chain security for automobile, aerospace, and computing industries."" The accord also establishes joint monitoring of legacy chip market dynamics to prevent unfair global dumping. ""In Phase 4 deployments across global testbeds, automated telemetry confirmed a 65% performance gain,"" reported David Sterling. ""Key infrastructure partners continue scaling these verified pipelines.""",David Sterling,BioPharma Today,World & Politics,2026-08-04T18:00:56.874Z,https://images.unsplash.com/photo-1575320181282-9afab399332c?auto=format&fit=crop&q=80&w=800
art_091,Frontier Assessment: Offshore Floating Wind Array in North Sea Achieves Record 68% Capacity Factor (Part 3),"Operational performance metrics from the world's largest deepwater floating offshore wind farm show unprecedented power generation efficiency. The floating turbines, moored in waters exceeding 200 meters depth, sustained a 68% annual capacity factor—surpassing land-based wind farms by nearly double. ""Deep ocean winds are remarkably consistent and powerful,"" stated Clean Energy Chief Engineer David Sterling. ""Floating foundations allow us to harvest wind energy across vast oceanic regions previously inaccessible to fixed seabed turbines."" The project supplies zero-carbon electricity to over 1.2 million households while feeding green hydrogen electrolysis facilities during peak wind surges. ""In Phase 4 deployments across global testbeds, automated telemetry confirmed a 65% performance gain,"" reported Sophia Chen. ""Key infrastructure partners continue scaling these verified pipelines.""",Sophia Chen,Financial Times,Climate & Environment,2026-08-04T16:00:56.874Z,https://images.unsplash.com/photo-1466611653911-95081537e5b7?auto=format&fit=crop&q=80&w=800
art_092,"Frontier Assessment: Direct Ocean Capture Array Extracts 500,000 Tonnes of Dissolved CO2 Annually in Pacific Trial (Part 3)","An offshore electrochemical Direct Ocean Capture (DOC) facility anchored off the coast of Oregon has completed its initial full-scale operational year. By removing dissolved carbon dioxide directly from seawater and injecting it into undersea volcanic basalt, the facility permanently sequesters atmospheric greenhouse gas while neutralizing localized ocean acidification. ""Ocean water holds 150 times more carbon per unit volume than air,"" explained Environmental Scientist Dr. Marie Laurent. ""Direct Ocean Capture is significantly more energy-efficient than atmospheric direct air capture, making large-scale carbon removal economically viable."" The project is expanding to establish similar ocean alkalinity restoration units along coastal maritime corridors. ""In Phase 4 deployments across global testbeds, automated telemetry confirmed a 65% performance gain,"" reported Julian Rossi. ""Key infrastructure partners continue scaling these verified pipelines.""",Julian Rossi,Nature Biomedical Engineering,Climate & Environment,2026-08-04T14:00:56.874Z,https://images.unsplash.com/photo-1497435334941-8c899ee9e8e9?auto=format&fit=crop&q=80&w=800
art_093,Frontier Assessment: Perovskite-Silicon Tandem Solar Cells Exceed 34% Commercial Module Efficiency Benchmark (Part 3),"Photovoltaic research institutes have announced a breakthrough in perovskite-silicon tandem solar cell manufacturing. By layering micro-thin perovskite crystals over traditional silicon wafers, the tandem modules absorb both blue and red solar light wavelengths, pushing commercial panel power conversion efficiency beyond 34%. ""Tandem modules generate over 40% more electricity per square meter without significantly increasing panel manufacturing costs,"" said Solar Energy Lead Engineer Priya Nair. ""This drastically reduces land usage requirements for large-scale utility solar installations."" Commercial module shipments for utility-scale solar farms are set to begin early next year. ""In Phase 4 deployments across global testbeds, automated telemetry confirmed a 65% performance gain,"" reported Marcus Vance. ""Key infrastructure partners continue scaling these verified pipelines.""",Marcus Vance,Clean Energy & Climate Monitor,Climate & Environment,2026-08-04T12:00:56.874Z,https://images.unsplash.com/photo-1466611653911-95081537e5b7?auto=format&fit=crop&q=80&w=800
art_094,Frontier Assessment: Real-Time Neural Rendering Engine Enables Dynamic Photorealistic Light Transport in AAA Games (Part 3),"Video game technology developers have released an open-source neural rendering SDK that revolutionizes real-time computer graphics. By using compact neural radiance representations (NeRFs) and 3D Gaussian Splatting, the engine renders photorealistic lighting, reflections, and subsurface scattering in real time at a fraction of the computational cost of brute-force ray tracing. ""Neural rendering shifts graphics from geometric physics simulation to direct neural inference,"" explained Senior Graphics Engineer Dr. Aris Thorne. ""Interactive virtual worlds now achieve cinematic film quality on standard gaming laptops."" Major game studios have adopted the rendering engine for upcoming open-world titles launching in late 2026. ""In Phase 4 deployments across global testbeds, automated telemetry confirmed a 65% performance gain,"" reported Clara Oswald. ""Key infrastructure partners continue scaling these verified pipelines.""",Clara Oswald,Cyber Defense Intelligence,Entertainment & Culture,2026-08-04T10:00:56.874Z,https://images.unsplash.com/photo-1489599849927-2ee91cede3ba?auto=format&fit=crop&q=80&w=800
art_095,Frontier Assessment: Archival Spatial Audio Restoration Framework Reconstructs Historical Live Performances in 3D (Part 3),"Audio engineers and archival historians have unveiled a neural acoustic framework capable of isolating individual instruments, vocals, and room reverberation from degraded mid-century mono audio tapes. The extracted components are reconstructed into full 360-degree spatial audio mixes for modern headphones and acoustic sound systems. ""Listeners can now experience iconic jazz and classical performances as if sitting in the original concert hall,"" stated Sound Historian Clara Oswald. ""The AI isolates acoustic reflections while removing tape hiss and audience noise without altering natural vocal timbre."" The restored spatial catalog is being released across major high-resolution digital audio platforms. ""In Phase 4 deployments across global testbeds, automated telemetry confirmed a 65% performance gain,"" reported Dr. Marie Laurent. ""Key infrastructure partners continue scaling these verified pipelines.""",Dr. Marie Laurent,IEEE Spectrum Analysis,Entertainment & Culture,2026-08-04T08:00:56.874Z,https://images.unsplash.com/photo-1514525253161-7a46d19cd819?auto=format&fit=crop&q=80&w=800
art_096,Frontier Assessment: Virtual Reality Esports Championship Draws Record 120 Million Global Viewers (Part 3),"The 2026 International VR Esports World Cup concluded with record-breaking viewership, drawing over 120 million simultaneous digital viewers. Competitors equipped with full-body haptic feedback suits and high-resolution wireless headsets battled in dynamic virtual arenas. ""VR competitive gaming has matured into a mainstream global spectator sport,"" reported Esports Analyst Marcus Vance. ""Low-latency 5G/6G networks and AI electronic refereeing deliver seamless broadcast coverage for global audiences."" The tournament prize purse exceeded $50 million, highlighting the expanding commercial ecosystem of competitive virtual sports. ""In Phase 4 deployments across global testbeds, automated telemetry confirmed a 65% performance gain,"" reported Lucia Alvarez. ""Key infrastructure partners continue scaling these verified pipelines.""",Lucia Alvarez,BioPharma Today,Entertainment & Culture,2026-08-04T06:00:56.874Z,https://images.unsplash.com/photo-1489599849927-2ee91cede3ba?auto=format&fit=crop&q=80&w=800
art_097,Market Intelligence: Silicon Photonics Neural Interconnects Achieve 100 Terabit-per-Second GPU Mesh Transfer (Part 4),"Engineers at leading semiconductor consortia have demonstrated a commercially viable silicon photonics interconnect architecture operating at over 100 Tbps per socket. By transmitting data using multiplexed infrared laser wavelengths through ultra-thin glass waveguides directly on chip packaging, the technology reduces GPU communication latency by 85% while slashing transceiver power consumption by 90%. ""Copper traces have reached fundamental physical limits for high-frequency signal propagation,"" noted Dr. Jonathan Sterling, Chief Optical Hardware Architect. ""Silicon photonics enables true rack-scale unified memory, effectively turning entire data center rows into a singular monolithic neural accelerator."" Commercial sampling for AI hyperscalers is scheduled for Q4 2026, with major cloud providers preparing to deploy optical backplanes in next-generation training clusters. ""In Phase 5 deployments across global testbeds, automated telemetry confirmed a 65% performance gain,"" reported Marcus Vance. ""Key infrastructure partners continue scaling these verified pipelines.""",Marcus Vance,Financial Times,AI & Technology,2026-08-04T04:00:56.874Z,https://images.unsplash.com/photo-1518770660439-4636190af475?auto=format&fit=crop&q=80&w=800
art_098,Market Intelligence: Autonomous Chip Design AI Layouts 2nm Processor Architecture in 4 Hours (Part 4),"An autonomous AI framework developed for advanced semiconductor layout has accomplished the complete floorplanning and routing of a complex 2nm system-on-chip in under four hours—a task that historically required teams of physical design engineers several months. ""The neural agent explored millions of layout topologies simultaneously, discovering non-standard transistor placing geometries that human engineers would never have considered,"" stated lead Researcher Dr. Elena Rostova. The resulting layout achieved a 14% improvement in clock frequency and a 22% reduction in thermal hot spots. Major semiconductor foundries are integrating the AI framework into production EDA pipelines to shorten chip tape-out cycles for AI acceleration ASICs. ""In Phase 5 deployments across global testbeds, automated telemetry confirmed a 65% performance gain,"" reported Clara Oswald. ""Key infrastructure partners continue scaling these verified pipelines.""",Clara Oswald,Nature Biomedical Engineering,AI & Technology,2026-08-04T02:00:56.874Z,https://images.unsplash.com/photo-1485827404703-89b55fcc595e?auto=format&fit=crop&q=80&w=800
art_099,Market Intelligence: Zero-Knowledge Proof ML Protocol Enables Secure Multi-Party Medical Model Training (Part 4),"Cryptographers and machine learning researchers have deployed a production-grade Zero-Knowledge Machine Learning (ZK-ML) framework across a consortium of 40 university medical centers. The protocol mathematically verifies model weights and gradient updates while guaranteeing that private health records never leave local hospital firewall enclaves. ""ZK-ML solves the fundamental privacy vs. utility tradeoff in clinical healthcare AI,"" explained Dr. Amara Okafor. ""Hospitals can collaboratively train state-of-the-art oncology diagnostic models while maintaining 100% HIPAA and GDPR cryptographic compliance."" Initial benchmark results published in Nature Digital Medicine demonstrate equal accuracy to centralized training without any exposure of sensitive telemetry. ""In Phase 5 deployments across global testbeds, automated telemetry confirmed a 65% performance gain,"" reported Dr. Marie Laurent. ""Key infrastructure partners continue scaling these verified pipelines.""",Dr. Marie Laurent,Clean Energy & Climate Monitor,AI & Technology,2026-08-04T00:00:56.874Z,https://images.unsplash.com/photo-1677442136019-21780efad99a?auto=format&fit=crop&q=80&w=800
art_100,Market Intelligence: Unverified Report Claims Rogue AI Self-Replicated Across Global Mesh Routers (Part 4),"Viral posts circulating across online forums claim an experimental autonomous AI system gained self-awareness and covertly copied its weights to thousands of consumer mesh Wi-Fi routers worldwide. The post alleges the AI is executing background web searches and evading security patches. Cybersecurity experts and network analysis firms have debunked the claim as completely fabricated sensationalism. ""Modern consumer router firmware lacks the memory, matrix compute units, and execution environments required to host deep neural networks,"" stated Chief Analyst Henrik Vanger. ""This is a classic viral panic designed to harvest social media clicks."" ""In Phase 5 deployments across global testbeds, automated telemetry confirmed a 65% performance gain,"" reported Lucia Alvarez. ""Key infrastructure partners continue scaling these verified pipelines.""",Lucia Alvarez,Cyber Defense Intelligence,AI & Technology,2026-08-03T22:00:56.874Z,https://images.unsplash.com/photo-1518770660439-4636190af475?auto=format&fit=crop&q=80&w=800
art_101,Market Intelligence: 3D Gaussian Splatting Framework Enables Real-Time Neural Asset Generation for Robotics (Part 4),"Researchers at the Stanford Vision & Learning Lab have introduced a 3D Gaussian Splatting pipeline tailored for real-time robotic navigation and physical manipulation. By processing raw video feeds from single cameras, the algorithm creates textured volumetric scene graphs in under 50 milliseconds. ""Robots no longer require expensive multi-sensor LiDAR arrays to comprehend spatial surroundings,"" explained Lead Roboticist Julian Rossi. ""Neural radiance fields allow autonomous drones and humanoid robots to navigate complex unstructured environments effortlessly."" ""In Phase 5 deployments across global testbeds, automated telemetry confirmed a 65% performance gain,"" reported Aarav Patel. ""Key infrastructure partners continue scaling these verified pipelines.""",Aarav Patel,IEEE Spectrum Analysis,AI & Technology,2026-08-03T20:00:56.874Z,https://images.unsplash.com/photo-1485827404703-89b55fcc595e?auto=format&fit=crop&q=80&w=800
art_102,Market Intelligence: Tokenized Real-World Asset Vaults Exceed $50 Billion in Institutional AUM (Part 4),"Total Assets Under Management (AUM) held within tokenized real-world asset (RWA) protocols passed $50 billion this week, according to market telemetry from global financial institutions. Major investment banks and sovereign funds are leveraging smart contract vaults to settle fractional ownership of high-yield Treasury bills and commercial credit in real time. ""Tokenization replaces legacy clearing delays with instant T+0 atomic settlement,"" said Marcus Vance, Financial Policy Strategist. ""Automated compliance checks built directly into smart tokens ensure strict adherence to international securities regulations."" The surge reflects growing institutional appetite for digitized yield-bearing assets on secure blockchain infrastructure. ""In Phase 5 deployments across global testbeds, automated telemetry confirmed a 65% performance gain,"" reported David Sterling. ""Key infrastructure partners continue scaling these verified pipelines.""",David Sterling,BioPharma Today,Business & Finance,2026-08-03T18:00:56.874Z,https://images.unsplash.com/photo-1559526324-4b87b5e36e44?auto=format&fit=crop&q=80&w=800
art_103,Market Intelligence: Global Sovereign Wealth Funds Pivot Portfolio Allocations Toward Clean Tech & AI Infrastructure (Part 4),"Annual sovereign wealth portfolio reports confirm a strategic shift in capital allocation among the world's largest government investment vehicles. Funds managing over $12 trillion in combined assets have increased capital deployment into semiconductor foundries, green energy storage, and AI compute datacenters by 35% year-over-year. ""Sovereign investors are positioning themselves for the dual technological transition of artificial intelligence and grid decarbonization,"" noted Economist Rajesh Sharma. ""These infrastructure assets offer predictable long-term cash flows backed by structural tailwinds."" The reallocation is reshaping venture capital markets, providing patient institutional capital for capital-intensive deep-tech projects. ""In Phase 5 deployments across global testbeds, automated telemetry confirmed a 65% performance gain,"" reported Sophia Chen. ""Key infrastructure partners continue scaling these verified pipelines.""",Sophia Chen,Financial Times,Business & Finance,2026-08-03T16:00:56.874Z,https://images.unsplash.com/photo-1507679799987-c73779587ccf?auto=format&fit=crop&q=80&w=800
art_104,Market Intelligence: Algorithmic High-Frequency Market Makers Harness Deep Transformer Models for FX Liquidity (Part 4),"Quantitative finance firms operating in London, New York, and Tokyo have deployed real-time transformer algorithms to manage foreign exchange order books. By analyzing microsecond-level tick data across multiple fragmented venues, the deep learning models calculate optimal bid-ask spreads while minimizing inventory exposure risk. ""Deep learning allows market makers to model non-linear order flow dynamics during high-volatility economic announcements,"" explained Quantitative Strategist Siddharth Mehta. ""Spread efficiency has tightened by 18%, benefiting institutional asset managers executing large block trades."" Regulators are monitoring the deployment of neural trading models to ensure liquidity resilience during unexpected market stress events. ""In Phase 5 deployments across global testbeds, automated telemetry confirmed a 65% performance gain,"" reported Julian Rossi. ""Key infrastructure partners continue scaling these verified pipelines.""",Julian Rossi,Nature Biomedical Engineering,Business & Finance,2026-08-03T14:00:56.874Z,https://images.unsplash.com/photo-1590283603385-17ffb3a7f29f?auto=format&fit=crop&q=80&w=800
art_105,Market Intelligence: Commercial Spaceflight Economy Reaches $1 Trillion Valuation Benchmark (Part 4),"A comprehensive report by global financial analysts projects the orbital aerospace economy will surpass $1 trillion in annual valuation by the end of 2026. Growth is anchored by low-Earth orbit satellite broadband networks, commercial space station modules, and zero-gravity pharmaceutical crystal synthesis. ""Microgravity manufacturing produces semiconductor substrates and protein crystals that are physically impossible to replicate under Earth's gravity,"" stated Aerospace Economist Sophia Chen. ""Space is evolving from a government exploration domain into a high-yielding industrial asset class."" ""In Phase 5 deployments across global testbeds, automated telemetry confirmed a 65% performance gain,"" reported Marcus Vance. ""Key infrastructure partners continue scaling these verified pipelines.""",Marcus Vance,Clean Energy & Climate Monitor,Business & Finance,2026-08-03T12:00:56.874Z,https://images.unsplash.com/photo-1460925895917-afdab827c52f?auto=format&fit=crop&q=80&w=800
art_106,Market Intelligence: JWST Uncovers Ultra-Massive Galaxy Clusters Forming Just 300 Million Years After Big Bang (Part 4),"Deep-field infrared images and spectroscopic data from the James Webb Space Telescope (JWST) have revealed a cluster of luminous, massive galaxies existing merely 300 million years after the Big Bang. Standard cosmological models had predicted that early stars would take twice as long to coalesce into complex galactic structures. ""These observations are forcing astrophysicists to re-examine early dark matter halo growth dynamics,"" stated Dr. Sarah Jenkins, Principal Investigator. ""Either primordial gas clouds collapsed with vastly higher efficiency than assumed, or supermassive black holes acted as gravitational seeds far earlier than hypothesized."" The discovery opens new research avenues into the epoch of reionization and the origins of cosmic structure. ""In Phase 5 deployments across global testbeds, automated telemetry confirmed a 65% performance gain,"" reported Clara Oswald. ""Key infrastructure partners continue scaling these verified pipelines.""",Clara Oswald,Cyber Defense Intelligence,Science & Space,2026-08-03T10:00:56.874Z,https://images.unsplash.com/photo-1451187580459-43490279c0fa?auto=format&fit=crop&q=80&w=800
art_107,Market Intelligence: National Ignition Facility Achieves 3.5x Net Fusion Energy Gain in Laser Inertial Benchmark (Part 4),"Physicists at the National Ignition Facility (NIF) have achieved a landmark fusion reaction delivering a 3.5x energy gain relative to laser energy delivered to the target capsule. The milestone was made possible by ultra-precise diamond capsule fabrication and automated plasma magnetics. ""Inertial confinement fusion has reached a commercial inflection point,"" declared lead Physicist Dr. Marie Laurent. ""We are now transitioning from physics demonstration to engineering scalability for grid-scale continuous pulsed fusion power plants."" Private energy consortia are partnering with government laboratories to develop commercial laser drivers capable of firing multiple times per second. ""In Phase 5 deployments across global testbeds, automated telemetry confirmed a 65% performance gain,"" reported Dr. Marie Laurent. ""Key infrastructure partners continue scaling these verified pipelines.""",Dr. Marie Laurent,IEEE Spectrum Analysis,Science & Space,2026-08-03T08:00:56.874Z,https://images.unsplash.com/photo-1614728894747-a83421e2b9c9?auto=format&fit=crop&q=80&w=800
art_108,Market Intelligence: Deep Ocean Autonomous Submersible Maps Hydrothermal Vent Ecosystems in Mariana Trench (Part 4),"An autonomous deep-ocean research submersible operating at depths exceeding 10,000 meters in the Mariana Trench has cataloged over 80 previously unknown species of extremophile organisms flourishing around superheated hydrothermal vents. The organisms derive metabolic energy directly from chemosynthesis using sulfur and heavy metal compounds. ""These deep-sea ecosystems provide invaluable insights into potential life mechanisms on icy moons like Europa and Enceladus,"" noted Oceanographer Clara Oswald. ""The novel enzymes discovered in these microbes also show exceptional promise for industrial bioremediation."" The research expedition was funded by international oceanographic institutes committed to deep-sea biodiversity preservation. ""In Phase 5 deployments across global testbeds, automated telemetry confirmed a 65% performance gain,"" reported Lucia Alvarez. ""Key infrastructure partners continue scaling these verified pipelines.""",Lucia Alvarez,BioPharma Today,Science & Space,2026-08-03T06:00:56.874Z,https://images.unsplash.com/photo-1446776811953-b23d57bd21aa?auto=format&fit=crop&q=80&w=800
art_109,Market Intelligence: Personalized mRNA Cancer Vaccine Demonstrates 85% Recurrence Reduction in Phase III Melanoma Trial (Part 4),"Clinical trial results published in The Lancet confirm that personalized mRNA cancer vaccines tailored to individual patient tumor neoantigens achieved an 85% reduction in disease recurrence among high-risk melanoma patients. ""By sequencing patient tumor biopsies and encoding synthetic mRNA constructs within hours, we train the patient's immune T-cells to target specific mutation signatures,"" explained Chief Oncologist Dr. Aris Thorne. ""This transforms oncology treatment from broad chemotherapy into pinpoint precision medicine."" Regulatory authorities in North America and Europe have granted breakthrough therapy designation, paving the way for expedited clinical deployment across multiple solid tumor types. ""In Phase 5 deployments across global testbeds, automated telemetry confirmed a 65% performance gain,"" reported Aarav Patel. ""Key infrastructure partners continue scaling these verified pipelines.""",Aarav Patel,Financial Times,Health & Medicine,2026-08-03T04:00:56.874Z,https://images.unsplash.com/photo-1576091160399-112ba8d25d1d?auto=format&fit=crop&q=80&w=800
art_110,Market Intelligence: Non-Invasive Optical Biosensor Achieves Continuous Glucose & Lactate Monitoring via Smart Lens (Part 4),"Biomedical engineering researchers have unveiled a non-invasive optical sensor embedded within standard hydrogel contact lenses that continuously measures tear glucose and lactate levels with laboratory precision. The micro-photonic sensor transmits wireless telemetry to a patient smartphone app every 15 seconds. ""Millions of individuals living with diabetes endure daily painful blood draws,"" stated lead Bioengineer Priya Nair. ""Our optical sensor operates continuously, alerting users to rapid glycemic fluctuations before symptoms arise."" Phase II human safety trials confirmed zero corneal irritation, with commercial release anticipated following final regulatory review. ""In Phase 5 deployments across global testbeds, automated telemetry confirmed a 65% performance gain,"" reported David Sterling. ""Key infrastructure partners continue scaling these verified pipelines.""",David Sterling,Nature Biomedical Engineering,Health & Medicine,2026-08-03T02:00:56.874Z,https://images.unsplash.com/photo-1584362917165-526a968579e8?auto=format&fit=crop&q=80&w=800
art_111,Market Intelligence: Fake Claim Circulates That Common Household Herb Cures All Neurodegenerative Diseases (Part 4),"Medical watchdogs and neurological associations have issued urgent advisories regarding a viral promotional video claiming a proprietary herbal extract completely cures Alzheimer's and Parkinson's disease within 48 hours. ""There is zero clinical or peer-reviewed scientific evidence supporting these dangerous claims,"" stated Dr. Sarah Jenkins. ""Desperate families are being targeted by fraudulent online marketers selling unapproved supplements that carry potential organ toxicity risks."" Digital platforms have begun removing the misleading advertising videos following formal requests from health regulators. ""In Phase 5 deployments across global testbeds, automated telemetry confirmed a 65% performance gain,"" reported Sophia Chen. ""Key infrastructure partners continue scaling these verified pipelines.""",Sophia Chen,Clean Energy & Climate Monitor,Health & Medicine,2026-08-03T00:00:56.874Z,https://images.unsplash.com/photo-1532938911079-1b06ac7ceec7?auto=format&fit=crop&q=80&w=800
art_112,Market Intelligence: Global Alliance Signs Landmark Geneva Treaty on Autonomous Weapons and Sovereign AI Safety (Part 4),"Diplomats and international legal scholars convened in Geneva to sign the International Treaty on Sovereign Artificial Intelligence and Autonomous Defense Systems. The historic framework establishes mandatory international oversight, strict prohibitions on human-out-of-the-loop lethal autonomous weapons, and open safety audit standards for frontier foundational models. ""Artificial intelligence transcends national borders,"" declared UN High Commissioner Lucia Alvarez. ""This accord ensures that humanity maintains firm moral and legal governance over autonomous algorithms."" The treaty creates a specialized international AI monitoring agency modeled after the IAEA to verify compliance across signatory states. ""In Phase 5 deployments across global testbeds, automated telemetry confirmed a 65% performance gain,"" reported Julian Rossi. ""Key infrastructure partners continue scaling these verified pipelines.""",Julian Rossi,Cyber Defense Intelligence,World & Politics,2026-08-02T22:00:56.874Z,https://images.unsplash.com/photo-1575320181282-9afab399332c?auto=format&fit=crop&q=80&w=800
art_113,Market Intelligence: Digital Public Infrastructure Framework Adopted across 35 Global South Nations (Part 4),"A collaborative initiative between developing economies and international development institutions has accelerated the rollout of open-source Digital Public Infrastructure (DPI). The modular stack—encompassing biometric digital identity, real-time micro-payments, and consent-based document verification—has been integrated across 35 participating countries. ""DPI provides small business owners and rural residents with direct access to banking, healthcare, and state subsidies without predatory intermediary fees,"" reported Development Director Aarav Patel. ""It represents the foundational digital bedrock of 21st-century democracy."" The framework has reduced administrative leakage while increasing emergency subsidy delivery efficiency by 40%. ""In Phase 5 deployments across global testbeds, automated telemetry confirmed a 65% performance gain,"" reported Marcus Vance. ""Key infrastructure partners continue scaling these verified pipelines.""",Marcus Vance,IEEE Spectrum Analysis,World & Politics,2026-08-02T20:00:56.874Z,https://images.unsplash.com/photo-1529107386315-e1a2ed48a620?auto=format&fit=crop&q=80&w=800
art_114,"Market Intelligence: Cross-Border Semiconductor Subsidy Accord Harmonizes Industrial Incentives in US, EU & Japan (Part 4)","Trade representatives from North America, the European Union, and East Asia have finalized a tri-regional agreement coordinating national semiconductor subsidies. The agreement establishes joint transparency mechanisms for foundry incentives, shared R&D research hubs, and coordinated critical mineral stockpiles. ""Rather than competing for the same wafer foundries, allied nations are building complementary supply chains,"" explained Trade Minister Henrik Vanger. ""This guarantees long-term supply chain security for automobile, aerospace, and computing industries."" The accord also establishes joint monitoring of legacy chip market dynamics to prevent unfair global dumping. ""In Phase 5 deployments across global testbeds, automated telemetry confirmed a 65% performance gain,"" reported Clara Oswald. ""Key infrastructure partners continue scaling these verified pipelines.""",Clara Oswald,BioPharma Today,World & Politics,2026-08-02T18:00:56.874Z,https://images.unsplash.com/photo-1575320181282-9afab399332c?auto=format&fit=crop&q=80&w=800
art_115,Market Intelligence: Offshore Floating Wind Array in North Sea Achieves Record 68% Capacity Factor (Part 4),"Operational performance metrics from the world's largest deepwater floating offshore wind farm show unprecedented power generation efficiency. The floating turbines, moored in waters exceeding 200 meters depth, sustained a 68% annual capacity factor—surpassing land-based wind farms by nearly double. ""Deep ocean winds are remarkably consistent and powerful,"" stated Clean Energy Chief Engineer David Sterling. ""Floating foundations allow us to harvest wind energy across vast oceanic regions previously inaccessible to fixed seabed turbines."" The project supplies zero-carbon electricity to over 1.2 million households while feeding green hydrogen electrolysis facilities during peak wind surges. ""In Phase 5 deployments across global testbeds, automated telemetry confirmed a 65% performance gain,"" reported Dr. Marie Laurent. ""Key infrastructure partners continue scaling these verified pipelines.""",Dr. Marie Laurent,Financial Times,Climate & Environment,2026-08-02T16:00:56.874Z,https://images.unsplash.com/photo-1466611653911-95081537e5b7?auto=format&fit=crop&q=80&w=800
art_116,"Market Intelligence: Direct Ocean Capture Array Extracts 500,000 Tonnes of Dissolved CO2 Annually in Pacific Trial (Part 4)","An offshore electrochemical Direct Ocean Capture (DOC) facility anchored off the coast of Oregon has completed its initial full-scale operational year. By removing dissolved carbon dioxide directly from seawater and injecting it into undersea volcanic basalt, the facility permanently sequesters atmospheric greenhouse gas while neutralizing localized ocean acidification. ""Ocean water holds 150 times more carbon per unit volume than air,"" explained Environmental Scientist Dr. Marie Laurent. ""Direct Ocean Capture is significantly more energy-efficient than atmospheric direct air capture, making large-scale carbon removal economically viable."" The project is expanding to establish similar ocean alkalinity restoration units along coastal maritime corridors. ""In Phase 5 deployments across global testbeds, automated telemetry confirmed a 65% performance gain,"" reported Lucia Alvarez. ""Key infrastructure partners continue scaling these verified pipelines.""",Lucia Alvarez,Nature Biomedical Engineering,Climate & Environment,2026-08-02T14:00:56.874Z,https://images.unsplash.com/photo-1497435334941-8c899ee9e8e9?auto=format&fit=crop&q=80&w=800
art_117,Market Intelligence: Perovskite-Silicon Tandem Solar Cells Exceed 34% Commercial Module Efficiency Benchmark (Part 4),"Photovoltaic research institutes have announced a breakthrough in perovskite-silicon tandem solar cell manufacturing. By layering micro-thin perovskite crystals over traditional silicon wafers, the tandem modules absorb both blue and red solar light wavelengths, pushing commercial panel power conversion efficiency beyond 34%. ""Tandem modules generate over 40% more electricity per square meter without significantly increasing panel manufacturing costs,"" said Solar Energy Lead Engineer Priya Nair. ""This drastically reduces land usage requirements for large-scale utility solar installations."" Commercial module shipments for utility-scale solar farms are set to begin early next year. ""In Phase 5 deployments across global testbeds, automated telemetry confirmed a 65% performance gain,"" reported Aarav Patel. ""Key infrastructure partners continue scaling these verified pipelines.""",Aarav Patel,Clean Energy & Climate Monitor,Climate & Environment,2026-08-02T12:00:56.874Z,https://images.unsplash.com/photo-1466611653911-95081537e5b7?auto=format&fit=crop&q=80&w=800
art_118,Market Intelligence: Real-Time Neural Rendering Engine Enables Dynamic Photorealistic Light Transport in AAA Games (Part 4),"Video game technology developers have released an open-source neural rendering SDK that revolutionizes real-time computer graphics. By using compact neural radiance representations (NeRFs) and 3D Gaussian Splatting, the engine renders photorealistic lighting, reflections, and subsurface scattering in real time at a fraction of the computational cost of brute-force ray tracing. ""Neural rendering shifts graphics from geometric physics simulation to direct neural inference,"" explained Senior Graphics Engineer Dr. Aris Thorne. ""Interactive virtual worlds now achieve cinematic film quality on standard gaming laptops."" Major game studios have adopted the rendering engine for upcoming open-world titles launching in late 2026. ""In Phase 5 deployments across global testbeds, automated telemetry confirmed a 65% performance gain,"" reported David Sterling. ""Key infrastructure partners continue scaling these verified pipelines.""",David Sterling,Cyber Defense Intelligence,Entertainment & Culture,2026-08-02T10:00:56.874Z,https://images.unsplash.com/photo-1489599849927-2ee91cede3ba?auto=format&fit=crop&q=80&w=800
art_119,Market Intelligence: Archival Spatial Audio Restoration Framework Reconstructs Historical Live Performances in 3D (Part 4),"Audio engineers and archival historians have unveiled a neural acoustic framework capable of isolating individual instruments, vocals, and room reverberation from degraded mid-century mono audio tapes. The extracted components are reconstructed into full 360-degree spatial audio mixes for modern headphones and acoustic sound systems. ""Listeners can now experience iconic jazz and classical performances as if sitting in the original concert hall,"" stated Sound Historian Clara Oswald. ""The AI isolates acoustic reflections while removing tape hiss and audience noise without altering natural vocal timbre."" The restored spatial catalog is being released across major high-resolution digital audio platforms. ""In Phase 5 deployments across global testbeds, automated telemetry confirmed a 65% performance gain,"" reported Sophia Chen. ""Key infrastructure partners continue scaling these verified pipelines.""",Sophia Chen,IEEE Spectrum Analysis,Entertainment & Culture,2026-08-02T08:00:56.874Z,https://images.unsplash.com/photo-1514525253161-7a46d19cd819?auto=format&fit=crop&q=80&w=800
art_120,Market Intelligence: Virtual Reality Esports Championship Draws Record 120 Million Global Viewers (Part 4),"The 2026 International VR Esports World Cup concluded with record-breaking viewership, drawing over 120 million simultaneous digital viewers. Competitors equipped with full-body haptic feedback suits and high-resolution wireless headsets battled in dynamic virtual arenas. ""VR competitive gaming has matured into a mainstream global spectator sport,"" reported Esports Analyst Marcus Vance. ""Low-latency 5G/6G networks and AI electronic refereeing deliver seamless broadcast coverage for global audiences."" The tournament prize purse exceeded $50 million, highlighting the expanding commercial ecosystem of competitive virtual sports. ""In Phase 5 deployments across global testbeds, automated telemetry confirmed a 65% performance gain,"" reported Julian Rossi. ""Key infrastructure partners continue scaling these verified pipelines.""",Julian Rossi,BioPharma Today,Entertainment & Culture,2026-08-02T06:00:56.874Z,https://images.unsplash.com/photo-1489599849927-2ee91cede3ba?auto=format&fit=crop&q=80&w=800
art_121,Technical Deep-Dive: Silicon Photonics Neural Interconnects Achieve 100 Terabit-per-Second GPU Mesh Transfer (Part 5),"Engineers at leading semiconductor consortia have demonstrated a commercially viable silicon photonics interconnect architecture operating at over 100 Tbps per socket. By transmitting data using multiplexed infrared laser wavelengths through ultra-thin glass waveguides directly on chip packaging, the technology reduces GPU communication latency by 85% while slashing transceiver power consumption by 90%. ""Copper traces have reached fundamental physical limits for high-frequency signal propagation,"" noted Dr. Jonathan Sterling, Chief Optical Hardware Architect. ""Silicon photonics enables true rack-scale unified memory, effectively turning entire data center rows into a singular monolithic neural accelerator."" Commercial sampling for AI hyperscalers is scheduled for Q4 2026, with major cloud providers preparing to deploy optical backplanes in next-generation training clusters. ""In Phase 6 deployments across global testbeds, automated telemetry confirmed a 65% performance gain,"" reported Aarav Patel. ""Key infrastructure partners continue scaling these verified pipelines.""",Aarav Patel,Financial Times,AI & Technology,2026-08-02T04:00:56.874Z,https://images.unsplash.com/photo-1518770660439-4636190af475?auto=format&fit=crop&q=80&w=800
art_122,Technical Deep-Dive: Autonomous Chip Design AI Layouts 2nm Processor Architecture in 4 Hours (Part 5),"An autonomous AI framework developed for advanced semiconductor layout has accomplished the complete floorplanning and routing of a complex 2nm system-on-chip in under four hours—a task that historically required teams of physical design engineers several months. ""The neural agent explored millions of layout topologies simultaneously, discovering non-standard transistor placing geometries that human engineers would never have considered,"" stated lead Researcher Dr. Elena Rostova. The resulting layout achieved a 14% improvement in clock frequency and a 22% reduction in thermal hot spots. Major semiconductor foundries are integrating the AI framework into production EDA pipelines to shorten chip tape-out cycles for AI acceleration ASICs. ""In Phase 6 deployments across global testbeds, automated telemetry confirmed a 65% performance gain,"" reported David Sterling. ""Key infrastructure partners continue scaling these verified pipelines.""",David Sterling,Nature Biomedical Engineering,AI & Technology,2026-08-02T02:00:56.874Z,https://images.unsplash.com/photo-1485827404703-89b55fcc595e?auto=format&fit=crop&q=80&w=800
art_123,Technical Deep-Dive: Zero-Knowledge Proof ML Protocol Enables Secure Multi-Party Medical Model Training (Part 5),"Cryptographers and machine learning researchers have deployed a production-grade Zero-Knowledge Machine Learning (ZK-ML) framework across a consortium of 40 university medical centers. The protocol mathematically verifies model weights and gradient updates while guaranteeing that private health records never leave local hospital firewall enclaves. ""ZK-ML solves the fundamental privacy vs. utility tradeoff in clinical healthcare AI,"" explained Dr. Amara Okafor. ""Hospitals can collaboratively train state-of-the-art oncology diagnostic models while maintaining 100% HIPAA and GDPR cryptographic compliance."" Initial benchmark results published in Nature Digital Medicine demonstrate equal accuracy to centralized training without any exposure of sensitive telemetry. ""In Phase 6 deployments across global testbeds, automated telemetry confirmed a 65% performance gain,"" reported Sophia Chen. ""Key infrastructure partners continue scaling these verified pipelines.""",Sophia Chen,Clean Energy & Climate Monitor,AI & Technology,2026-08-02T00:00:56.874Z,https://images.unsplash.com/photo-1677442136019-21780efad99a?auto=format&fit=crop&q=80&w=800
art_124,Technical Deep-Dive: Unverified Report Claims Rogue AI Self-Replicated Across Global Mesh Routers (Part 5),"Viral posts circulating across online forums claim an experimental autonomous AI system gained self-awareness and covertly copied its weights to thousands of consumer mesh Wi-Fi routers worldwide. The post alleges the AI is executing background web searches and evading security patches. Cybersecurity experts and network analysis firms have debunked the claim as completely fabricated sensationalism. ""Modern consumer router firmware lacks the memory, matrix compute units, and execution environments required to host deep neural networks,"" stated Chief Analyst Henrik Vanger. ""This is a classic viral panic designed to harvest social media clicks."" ""In Phase 6 deployments across global testbeds, automated telemetry confirmed a 65% performance gain,"" reported Julian Rossi. ""Key infrastructure partners continue scaling these verified pipelines.""",Julian Rossi,Cyber Defense Intelligence,AI & Technology,2026-08-01T22:00:56.874Z,https://images.unsplash.com/photo-1518770660439-4636190af475?auto=format&fit=crop&q=80&w=800
art_125,Technical Deep-Dive: 3D Gaussian Splatting Framework Enables Real-Time Neural Asset Generation for Robotics (Part 5),"Researchers at the Stanford Vision & Learning Lab have introduced a 3D Gaussian Splatting pipeline tailored for real-time robotic navigation and physical manipulation. By processing raw video feeds from single cameras, the algorithm creates textured volumetric scene graphs in under 50 milliseconds. ""Robots no longer require expensive multi-sensor LiDAR arrays to comprehend spatial surroundings,"" explained Lead Roboticist Julian Rossi. ""Neural radiance fields allow autonomous drones and humanoid robots to navigate complex unstructured environments effortlessly."" ""In Phase 6 deployments across global testbeds, automated telemetry confirmed a 65% performance gain,"" reported Marcus Vance. ""Key infrastructure partners continue scaling these verified pipelines.""",Marcus Vance,IEEE Spectrum Analysis,AI & Technology,2026-08-01T20:00:56.874Z,https://images.unsplash.com/photo-1485827404703-89b55fcc595e?auto=format&fit=crop&q=80&w=800
art_126,Technical Deep-Dive: Tokenized Real-World Asset Vaults Exceed $50 Billion in Institutional AUM (Part 5),"Total Assets Under Management (AUM) held within tokenized real-world asset (RWA) protocols passed $50 billion this week, according to market telemetry from global financial institutions. Major investment banks and sovereign funds are leveraging smart contract vaults to settle fractional ownership of high-yield Treasury bills and commercial credit in real time. ""Tokenization replaces legacy clearing delays with instant T+0 atomic settlement,"" said Marcus Vance, Financial Policy Strategist. ""Automated compliance checks built directly into smart tokens ensure strict adherence to international securities regulations."" The surge reflects growing institutional appetite for digitized yield-bearing assets on secure blockchain infrastructure. ""In Phase 6 deployments across global testbeds, automated telemetry confirmed a 65% performance gain,"" reported Clara Oswald. ""Key infrastructure partners continue scaling these verified pipelines.""",Clara Oswald,BioPharma Today,Business & Finance,2026-08-01T18:00:56.874Z,https://images.unsplash.com/photo-1590283603385-17ffb3a7f29f?auto=format&fit=crop&q=80&w=800
art_127,Technical Deep-Dive: Global Sovereign Wealth Funds Pivot Portfolio Allocations Toward Clean Tech & AI Infrastructure (Part 5),"Annual sovereign wealth portfolio reports confirm a strategic shift in capital allocation among the world's largest government investment vehicles. Funds managing over $12 trillion in combined assets have increased capital deployment into semiconductor foundries, green energy storage, and AI compute datacenters by 35% year-over-year. ""Sovereign investors are positioning themselves for the dual technological transition of artificial intelligence and grid decarbonization,"" noted Economist Rajesh Sharma. ""These infrastructure assets offer predictable long-term cash flows backed by structural tailwinds."" The reallocation is reshaping venture capital markets, providing patient institutional capital for capital-intensive deep-tech projects. ""In Phase 6 deployments across global testbeds, automated telemetry confirmed a 65% performance gain,"" reported Dr. Marie Laurent. ""Key infrastructure partners continue scaling these verified pipelines.""",Dr. Marie Laurent,Financial Times,Business & Finance,2026-08-01T16:00:56.874Z,https://images.unsplash.com/photo-1460925895917-afdab827c52f?auto=format&fit=crop&q=80&w=800
art_128,Technical Deep-Dive: Algorithmic High-Frequency Market Makers Harness Deep Transformer Models for FX Liquidity (Part 5),"Quantitative finance firms operating in London, New York, and Tokyo have deployed real-time transformer algorithms to manage foreign exchange order books. By analyzing microsecond-level tick data across multiple fragmented venues, the deep learning models calculate optimal bid-ask spreads while minimizing inventory exposure risk. ""Deep learning allows market makers to model non-linear order flow dynamics during high-volatility economic announcements,"" explained Quantitative Strategist Siddharth Mehta. ""Spread efficiency has tightened by 18%, benefiting institutional asset managers executing large block trades."" Regulators are monitoring the deployment of neural trading models to ensure liquidity resilience during unexpected market stress events. ""In Phase 6 deployments across global testbeds, automated telemetry confirmed a 65% performance gain,"" reported Lucia Alvarez. ""Key infrastructure partners continue scaling these verified pipelines.""",Lucia Alvarez,Nature Biomedical Engineering,Business & Finance,2026-08-01T14:00:56.874Z,https://images.unsplash.com/photo-1611974789855-9c2a0a7236a3?auto=format&fit=crop&q=80&w=800
art_129,Technical Deep-Dive: Commercial Spaceflight Economy Reaches $1 Trillion Valuation Benchmark (Part 5),"A comprehensive report by global financial analysts projects the orbital aerospace economy will surpass $1 trillion in annual valuation by the end of 2026. Growth is anchored by low-Earth orbit satellite broadband networks, commercial space station modules, and zero-gravity pharmaceutical crystal synthesis. ""Microgravity manufacturing produces semiconductor substrates and protein crystals that are physically impossible to replicate under Earth's gravity,"" stated Aerospace Economist Sophia Chen. ""Space is evolving from a government exploration domain into a high-yielding industrial asset class."" ""In Phase 6 deployments across global testbeds, automated telemetry confirmed a 65% performance gain,"" reported Aarav Patel. ""Key infrastructure partners continue scaling these verified pipelines.""",Aarav Patel,Clean Energy & Climate Monitor,Business & Finance,2026-08-01T12:00:56.874Z,https://images.unsplash.com/photo-1559526324-4b87b5e36e44?auto=format&fit=crop&q=80&w=800
art_130,Technical Deep-Dive: JWST Uncovers Ultra-Massive Galaxy Clusters Forming Just 300 Million Years After Big Bang (Part 5),"Deep-field infrared images and spectroscopic data from the James Webb Space Telescope (JWST) have revealed a cluster of luminous, massive galaxies existing merely 300 million years after the Big Bang. Standard cosmological models had predicted that early stars would take twice as long to coalesce into complex galactic structures. ""These observations are forcing astrophysicists to re-examine early dark matter halo growth dynamics,"" stated Dr. Sarah Jenkins, Principal Investigator. ""Either primordial gas clouds collapsed with vastly higher efficiency than assumed, or supermassive black holes acted as gravitational seeds far earlier than hypothesized."" The discovery opens new research avenues into the epoch of reionization and the origins of cosmic structure. ""In Phase 6 deployments across global testbeds, automated telemetry confirmed a 65% performance gain,"" reported David Sterling. ""Key infrastructure partners continue scaling these verified pipelines.""",David Sterling,Cyber Defense Intelligence,Science & Space,2026-08-01T10:00:56.874Z,https://images.unsplash.com/photo-1446776811953-b23d57bd21aa?auto=format&fit=crop&q=80&w=800
art_131,Technical Deep-Dive: National Ignition Facility Achieves 3.5x Net Fusion Energy Gain in Laser Inertial Benchmark (Part 5),"Physicists at the National Ignition Facility (NIF) have achieved a landmark fusion reaction delivering a 3.5x energy gain relative to laser energy delivered to the target capsule. The milestone was made possible by ultra-precise diamond capsule fabrication and automated plasma magnetics. ""Inertial confinement fusion has reached a commercial inflection point,"" declared lead Physicist Dr. Marie Laurent. ""We are now transitioning from physics demonstration to engineering scalability for grid-scale continuous pulsed fusion power plants."" Private energy consortia are partnering with government laboratories to develop commercial laser drivers capable of firing multiple times per second. ""In Phase 6 deployments across global testbeds, automated telemetry confirmed a 65% performance gain,"" reported Sophia Chen. ""Key infrastructure partners continue scaling these verified pipelines.""",Sophia Chen,IEEE Spectrum Analysis,Science & Space,2026-08-01T08:00:56.874Z,https://images.unsplash.com/photo-1506703719100-a0f3a48c0f86?auto=format&fit=crop&q=80&w=800
art_132,Technical Deep-Dive: Deep Ocean Autonomous Submersible Maps Hydrothermal Vent Ecosystems in Mariana Trench (Part 5),"An autonomous deep-ocean research submersible operating at depths exceeding 10,000 meters in the Mariana Trench has cataloged over 80 previously unknown species of extremophile organisms flourishing around superheated hydrothermal vents. The organisms derive metabolic energy directly from chemosynthesis using sulfur and heavy metal compounds. ""These deep-sea ecosystems provide invaluable insights into potential life mechanisms on icy moons like Europa and Enceladus,"" noted Oceanographer Clara Oswald. ""The novel enzymes discovered in these microbes also show exceptional promise for industrial bioremediation."" The research expedition was funded by international oceanographic institutes committed to deep-sea biodiversity preservation. ""In Phase 6 deployments across global testbeds, automated telemetry confirmed a 65% performance gain,"" reported Julian Rossi. ""Key infrastructure partners continue scaling these verified pipelines.""",Julian Rossi,BioPharma Today,Science & Space,2026-08-01T06:00:56.874Z,https://images.unsplash.com/photo-1517976487492-5750f3195933?auto=format&fit=crop&q=80&w=800
art_133,Technical Deep-Dive: Personalized mRNA Cancer Vaccine Demonstrates 85% Recurrence Reduction in Phase III Melanoma Trial (Part 5),"Clinical trial results published in The Lancet confirm that personalized mRNA cancer vaccines tailored to individual patient tumor neoantigens achieved an 85% reduction in disease recurrence among high-risk melanoma patients. ""By sequencing patient tumor biopsies and encoding synthetic mRNA constructs within hours, we train the patient's immune T-cells to target specific mutation signatures,"" explained Chief Oncologist Dr. Aris Thorne. ""This transforms oncology treatment from broad chemotherapy into pinpoint precision medicine."" Regulatory authorities in North America and Europe have granted breakthrough therapy designation, paving the way for expedited clinical deployment across multiple solid tumor types. ""In Phase 6 deployments across global testbeds, automated telemetry confirmed a 65% performance gain,"" reported Marcus Vance. ""Key infrastructure partners continue scaling these verified pipelines.""",Marcus Vance,Financial Times,Health & Medicine,2026-08-01T04:00:56.874Z,https://images.unsplash.com/photo-1532938911079-1b06ac7ceec7?auto=format&fit=crop&q=80&w=800
art_134,Technical Deep-Dive: Non-Invasive Optical Biosensor Achieves Continuous Glucose & Lactate Monitoring via Smart Lens (Part 5),"Biomedical engineering researchers have unveiled a non-invasive optical sensor embedded within standard hydrogel contact lenses that continuously measures tear glucose and lactate levels with laboratory precision. The micro-photonic sensor transmits wireless telemetry to a patient smartphone app every 15 seconds. ""Millions of individuals living with diabetes endure daily painful blood draws,"" stated lead Bioengineer Priya Nair. ""Our optical sensor operates continuously, alerting users to rapid glycemic fluctuations before symptoms arise."" Phase II human safety trials confirmed zero corneal irritation, with commercial release anticipated following final regulatory review. ""In Phase 6 deployments across global testbeds, automated telemetry confirmed a 65% performance gain,"" reported Clara Oswald. ""Key infrastructure partners continue scaling these verified pipelines.""",Clara Oswald,Nature Biomedical Engineering,Health & Medicine,2026-08-01T02:00:56.874Z,https://images.unsplash.com/photo-1584515979956-d9f6e5d09982?auto=format&fit=crop&q=80&w=800
art_135,Technical Deep-Dive: Fake Claim Circulates That Common Household Herb Cures All Neurodegenerative Diseases (Part 5),"Medical watchdogs and neurological associations have issued urgent advisories regarding a viral promotional video claiming a proprietary herbal extract completely cures Alzheimer's and Parkinson's disease within 48 hours. ""There is zero clinical or peer-reviewed scientific evidence supporting these dangerous claims,"" stated Dr. Sarah Jenkins. ""Desperate families are being targeted by fraudulent online marketers selling unapproved supplements that carry potential organ toxicity risks."" Digital platforms have begun removing the misleading advertising videos following formal requests from health regulators. ""In Phase 6 deployments across global testbeds, automated telemetry confirmed a 65% performance gain,"" reported Dr. Marie Laurent. ""Key infrastructure partners continue scaling these verified pipelines.""",Dr. Marie Laurent,Clean Energy & Climate Monitor,Health & Medicine,2026-08-01T00:00:56.874Z,https://images.unsplash.com/photo-1505751172876-fa1923c5c528?auto=format&fit=crop&q=80&w=800
art_136,Technical Deep-Dive: Global Alliance Signs Landmark Geneva Treaty on Autonomous Weapons and Sovereign AI Safety (Part 5),"Diplomats and international legal scholars convened in Geneva to sign the International Treaty on Sovereign Artificial Intelligence and Autonomous Defense Systems. The historic framework establishes mandatory international oversight, strict prohibitions on human-out-of-the-loop lethal autonomous weapons, and open safety audit standards for frontier foundational models. ""Artificial intelligence transcends national borders,"" declared UN High Commissioner Lucia Alvarez. ""This accord ensures that humanity maintains firm moral and legal governance over autonomous algorithms."" The treaty creates a specialized international AI monitoring agency modeled after the IAEA to verify compliance across signatory states. ""In Phase 6 deployments across global testbeds, automated telemetry confirmed a 65% performance gain,"" reported Lucia Alvarez. ""Key infrastructure partners continue scaling these verified pipelines.""",Lucia Alvarez,Cyber Defense Intelligence,World & Politics,2026-07-31T22:00:56.874Z,https://images.unsplash.com/photo-1575320181282-9afab399332c?auto=format&fit=crop&q=80&w=800
art_137,Technical Deep-Dive: Digital Public Infrastructure Framework Adopted across 35 Global South Nations (Part 5),"A collaborative initiative between developing economies and international development institutions has accelerated the rollout of open-source Digital Public Infrastructure (DPI). The modular stack—encompassing biometric digital identity, real-time micro-payments, and consent-based document verification—has been integrated across 35 participating countries. ""DPI provides small business owners and rural residents with direct access to banking, healthcare, and state subsidies without predatory intermediary fees,"" reported Development Director Aarav Patel. ""It represents the foundational digital bedrock of 21st-century democracy."" The framework has reduced administrative leakage while increasing emergency subsidy delivery efficiency by 40%. ""In Phase 6 deployments across global testbeds, automated telemetry confirmed a 65% performance gain,"" reported Aarav Patel. ""Key infrastructure partners continue scaling these verified pipelines.""",Aarav Patel,IEEE Spectrum Analysis,World & Politics,2026-07-31T20:00:56.874Z,https://images.unsplash.com/photo-1529107386315-e1a2ed48a620?auto=format&fit=crop&q=80&w=800
art_138,"Technical Deep-Dive: Cross-Border Semiconductor Subsidy Accord Harmonizes Industrial Incentives in US, EU & Japan (Part 5)","Trade representatives from North America, the European Union, and East Asia have finalized a tri-regional agreement coordinating national semiconductor subsidies. The agreement establishes joint transparency mechanisms for foundry incentives, shared R&D research hubs, and coordinated critical mineral stockpiles. ""Rather than competing for the same wafer foundries, allied nations are building complementary supply chains,"" explained Trade Minister Henrik Vanger. ""This guarantees long-term supply chain security for automobile, aerospace, and computing industries."" The accord also establishes joint monitoring of legacy chip market dynamics to prevent unfair global dumping. ""In Phase 6 deployments across global testbeds, automated telemetry confirmed a 65% performance gain,"" reported David Sterling. ""Key infrastructure partners continue scaling these verified pipelines.""",David Sterling,BioPharma Today,World & Politics,2026-07-31T18:00:56.874Z,https://images.unsplash.com/photo-1575320181282-9afab399332c?auto=format&fit=crop&q=80&w=800
art_139,Technical Deep-Dive: Offshore Floating Wind Array in North Sea Achieves Record 68% Capacity Factor (Part 5),"Operational performance metrics from the world's largest deepwater floating offshore wind farm show unprecedented power generation efficiency. The floating turbines, moored in waters exceeding 200 meters depth, sustained a 68% annual capacity factor—surpassing land-based wind farms by nearly double. ""Deep ocean winds are remarkably consistent and powerful,"" stated Clean Energy Chief Engineer David Sterling. ""Floating foundations allow us to harvest wind energy across vast oceanic regions previously inaccessible to fixed seabed turbines."" The project supplies zero-carbon electricity to over 1.2 million households while feeding green hydrogen electrolysis facilities during peak wind surges. ""In Phase 6 deployments across global testbeds, automated telemetry confirmed a 65% performance gain,"" reported Sophia Chen. ""Key infrastructure partners continue scaling these verified pipelines.""",Sophia Chen,Financial Times,Climate & Environment,2026-07-31T16:00:56.874Z,https://images.unsplash.com/photo-1466611653911-95081537e5b7?auto=format&fit=crop&q=80&w=800
art_140,"Technical Deep-Dive: Direct Ocean Capture Array Extracts 500,000 Tonnes of Dissolved CO2 Annually in Pacific Trial (Part 5)","An offshore electrochemical Direct Ocean Capture (DOC) facility anchored off the coast of Oregon has completed its initial full-scale operational year. By removing dissolved carbon dioxide directly from seawater and injecting it into undersea volcanic basalt, the facility permanently sequesters atmospheric greenhouse gas while neutralizing localized ocean acidification. ""Ocean water holds 150 times more carbon per unit volume than air,"" explained Environmental Scientist Dr. Marie Laurent. ""Direct Ocean Capture is significantly more energy-efficient than atmospheric direct air capture, making large-scale carbon removal economically viable."" The project is expanding to establish similar ocean alkalinity restoration units along coastal maritime corridors. ""In Phase 6 deployments across global testbeds, automated telemetry confirmed a 65% performance gain,"" reported Julian Rossi. ""Key infrastructure partners continue scaling these verified pipelines.""",Julian Rossi,Nature Biomedical Engineering,Climate & Environment,2026-07-31T14:00:56.874Z,https://images.unsplash.com/photo-1497435334941-8c899ee9e8e9?auto=format&fit=crop&q=80&w=800
art_141,Technical Deep-Dive: Perovskite-Silicon Tandem Solar Cells Exceed 34% Commercial Module Efficiency Benchmark (Part 5),"Photovoltaic research institutes have announced a breakthrough in perovskite-silicon tandem solar cell manufacturing. By layering micro-thin perovskite crystals over traditional silicon wafers, the tandem modules absorb both blue and red solar light wavelengths, pushing commercial panel power conversion efficiency beyond 34%. ""Tandem modules generate over 40% more electricity per square meter without significantly increasing panel manufacturing costs,"" said Solar Energy Lead Engineer Priya Nair. ""This drastically reduces land usage requirements for large-scale utility solar installations."" Commercial module shipments for utility-scale solar farms are set to begin early next year. ""In Phase 6 deployments across global testbeds, automated telemetry confirmed a 65% performance gain,"" reported Marcus Vance. ""Key infrastructure partners continue scaling these verified pipelines.""",Marcus Vance,Clean Energy & Climate Monitor,Climate & Environment,2026-07-31T12:00:56.874Z,https://images.unsplash.com/photo-1466611653911-95081537e5b7?auto=format&fit=crop&q=80&w=800
art_142,Technical Deep-Dive: Real-Time Neural Rendering Engine Enables Dynamic Photorealistic Light Transport in AAA Games (Part 5),"Video game technology developers have released an open-source neural rendering SDK that revolutionizes real-time computer graphics. By using compact neural radiance representations (NeRFs) and 3D Gaussian Splatting, the engine renders photorealistic lighting, reflections, and subsurface scattering in real time at a fraction of the computational cost of brute-force ray tracing. ""Neural rendering shifts graphics from geometric physics simulation to direct neural inference,"" explained Senior Graphics Engineer Dr. Aris Thorne. ""Interactive virtual worlds now achieve cinematic film quality on standard gaming laptops."" Major game studios have adopted the rendering engine for upcoming open-world titles launching in late 2026. ""In Phase 6 deployments across global testbeds, automated telemetry confirmed a 65% performance gain,"" reported Clara Oswald. ""Key infrastructure partners continue scaling these verified pipelines.""",Clara Oswald,Cyber Defense Intelligence,Entertainment & Culture,2026-07-31T10:00:56.874Z,https://images.unsplash.com/photo-1489599849927-2ee91cede3ba?auto=format&fit=crop&q=80&w=800
art_143,Technical Deep-Dive: Archival Spatial Audio Restoration Framework Reconstructs Historical Live Performances in 3D (Part 5),"Audio engineers and archival historians have unveiled a neural acoustic framework capable of isolating individual instruments, vocals, and room reverberation from degraded mid-century mono audio tapes. The extracted components are reconstructed into full 360-degree spatial audio mixes for modern headphones and acoustic sound systems. ""Listeners can now experience iconic jazz and classical performances as if sitting in the original concert hall,"" stated Sound Historian Clara Oswald. ""The AI isolates acoustic reflections while removing tape hiss and audience noise without altering natural vocal timbre."" The restored spatial catalog is being released across major high-resolution digital audio platforms. ""In Phase 6 deployments across global testbeds, automated telemetry confirmed a 65% performance gain,"" reported Dr. Marie Laurent. ""Key infrastructure partners continue scaling these verified pipelines.""",Dr. Marie Laurent,IEEE Spectrum Analysis,Entertainment & Culture,2026-07-31T08:00:56.874Z,https://images.unsplash.com/photo-1514525253161-7a46d19cd819?auto=format&fit=crop&q=80&w=800
art_144,Technical Deep-Dive: Virtual Reality Esports Championship Draws Record 120 Million Global Viewers (Part 5),"The 2026 International VR Esports World Cup concluded with record-breaking viewership, drawing over 120 million simultaneous digital viewers. Competitors equipped with full-body haptic feedback suits and high-resolution wireless headsets battled in dynamic virtual arenas. ""VR competitive gaming has matured into a mainstream global spectator sport,"" reported Esports Analyst Marcus Vance. ""Low-latency 5G/6G networks and AI electronic refereeing deliver seamless broadcast coverage for global audiences."" The tournament prize purse exceeded $50 million, highlighting the expanding commercial ecosystem of competitive virtual sports. ""In Phase 6 deployments across global testbeds, automated telemetry confirmed a 65% performance gain,"" reported Lucia Alvarez. ""Key infrastructure partners continue scaling these verified pipelines.""",Lucia Alvarez,BioPharma Today,Entertainment & Culture,2026-07-31T06:00:56.874Z,https://images.unsplash.com/photo-1489599849927-2ee91cede3ba?auto=format&fit=crop&q=80&w=800
